Date,Open,High,Low,Close,Shares Traded,Tur11er (Rs. Cr)
2013-03-01,3614.55,3649.35,3602.9,3617.75,-0,-0
2013-03-04,3597.25,3604.2,3565.95,3593.6,-0,-0
2013-03-05,3620.6,3669.25,3619.9,3664.6,-0,-0
2013-03-06,3684.1,3695.65,3668.55,3675.95,-0,-0
2013-03-07,3663.15,3732.1,3663.15,3722.95,-0,-0
2013-03-08,3741.35,3796.2,3736.85,3790.6,-0,-0
2013-03-11,3789.1,3817.45,3775.5,3786.55,-0,-0
2013-03-12,3797.95,3803.5,3756.35,3774.75,-0,-0
2013-03-13,3768.05,3774.5,3728.75,3737.15,-0,-0
2013-03-14,3726.65,3785.7,3681.6,3777.35,-0,-0
2013-03-15,3785.2,3806.95,3747.8,3758.85,-0,-0
2013-03-18,3710.05,3742.6,3708.55,3732.9,-0,-0
2013-03-19,3759.5,3765.85,3650,3657.55,-0,-0
2013-03-20,3647.4,3660.4,3618.35,3627.25,-0,-0
2013-03-21,3642.4,3676.25,3604.4,3612.55,-0,-0
2013-03-22,3612.65,3629.15,3586.95,3604.25,-0,-0
2013-03-25,3655.4,3663.35,3596.65,3603.75,-0,-0
2013-03-26,3577.65,3608.75,3576.55,3598.75,-0,-0
2013-03-28,3594.35,3631.7,3569.95,3624.45,-0,-0
2013-04-01,-0,-0,-0,3634.14,-0,-0
2013-04-02,-0,-0,-0,3665.65,-0,-0
2013-04-03,-0,-0,-0,3614.11,-0,-0
2013-04-04,-0,-0,-0,3534.84,-0,-0
2013-04-05,-0,-0,-0,3506.19,-0,-0
2013-04-08,-0,-0,-0,3509.82,-0,-0
2013-04-09,-0,-0,-0,3496.15,-0,-0
2013-04-10,-0,-0,-0,3531.9,-0,-0
2013-04-11,-0,-0,-0,3554.34,-0,-0
2013-04-12,-0,-0,-0,3518.66,-0,-0
2013-04-15,-0,-0,-0,3532.1,-0,-0
2013-04-16,-0,-0,-0,3628.31,-0,-0
2013-04-17,-0,-0,-0,3654.17,-0,-0
2013-04-18,-0,-0,-0,3708.78,-0,-0
2013-04-22,-0,-0,-0,3732.24,-0,-0
2013-04-23,-0,-0,-0,3724.68,-0,-0
2013-04-25,-0,-0,-0,3784.26,-0,-0
2013-04-26,-0,-0,-0,3747.15,-0,-0
2013-04-29,-0,-0,-0,3769.14,-0,-0
2013-04-30,-0,-0,-0,3789.84,-0,-0
2013-05-02,-0,-0,-0,3868.52,-0,-0
2013-05-03,-0,-0,-0,3817.52,-0,-0
2013-05-06,-0,-0,-0,3835.01,-0,-0
2013-05-07,-0,-0,-0,3858.14,-0,-0
2013-05-08,-0,-0,-0,3882.97,-0,-0
2013-05-09,-0,-0,-0,3864.91,-0,-0
2013-05-10,-0,-0,-0,3871.98,-0,-0
2013-05-11,-0,-0,-0,3879.94,-0,-0
2013-05-13,-0,-0,-0,3773.51,-0,-0
2013-05-14,-0,-0,-0,3802.85,-0,-0
2013-05-15,-0,-0,-0,3887.77,-0,-0
2013-05-16,-0,-0,-0,3903.19,-0,-0
2013-05-17,-0,-0,-0,3906.05,-0,-0
2013-05-20,-0,-0,-0,3876.24,-0,-0
2013-05-21,-0,-0,-0,3849.11,-0,-0
2013-05-22,-0,-0,-0,3803.44,-0,-0
2013-05-23,-0,-0,-0,3692.71,-0,-0
2013-05-24,-0,-0,-0,3728.46,-0,-0
2013-05-27,-0,-0,-0,3789.69,-0,-0
2013-05-28,-0,-0,-0,3798.83,-0,-0
2013-05-29,-0,-0,-0,3760.71,-0,-0
2013-05-30,-0,-0,-0,3782.55,-0,-0
2013-05-31,-0,-0,-0,3671.29,-0,-0
2013-06-03,-0,-0,-0,3637.65,-0,-0
2013-06-04,-0,-0,-0,3621.12,-0,-0
2013-06-05,-0,-0,-0,3637.85,-0,-0
2013-06-06,-0,-0,-0,3607.88,-0,-0
2013-06-07,-0,-0,-0,3591.13,-0,-0
2013-06-10,-0,-0,-0,3524.86,-0,-0
2013-06-11,-0,-0,-0,3403.99,-0,-0
2013-06-12,-0,-0,-0,3425.05,-0,-0
2013-06-13,-0,-0,-0,3380.59,-0,-0
2013-06-14,-0,-0,-0,3485.58,-0,-0
2013-06-17,-0,-0,-0,3511.19,-0,-0
2013-06-18,-0,-0,-0,3446.3,-0,-0
2013-06-19,-0,-0,-0,3434.2,-0,-0
2013-06-20,-0,-0,-0,3282.7,-0,-0
2013-06-21,-0,-0,-0,3308.9,-0,-0
2013-06-24,-0,-0,-0,3242.75,-0,-0
2013-06-25,-0,-0,-0,3255.37,-0,-0
2013-06-26,-0,-0,-0,3235.36,-0,-0
2013-06-27,-0,-0,-0,3249.7,-0,-0
2013-06-28,-0,-0,-0,3390.85,-0,-0
2013-07-01,-0,-0,-0,3455.6,-0,-0
2013-07-02,-0,-0,-0,3416.08,-0,-0
2013-07-03,-0,-0,-0,3327.12,-0,-0
2013-07-04,-0,-0,-0,3365.76,-0,-0
2013-07-05,-0,-0,-0,3369.66,-0,-0
2013-07-08,-0,-0,-0,3298.68,-0,-0
2013-07-09,-0,-0,-0,3379.37,-0,-0
2013-07-10,-0,-0,-0,3351.72,-0,-0
2013-07-11,-0,-0,-0,3448.08,-0,-0
2013-07-12,-0,-0,-0,3476.22,-0,-0
2013-07-15,-0,-0,-0,3479.84,-0,-0
2013-07-16,-0,-0,-0,3474.34,-0,-0
2013-07-17,-0,-0,-0,3486.63,-0,-0
2013-07-18,-0,-0,-0,3503.78,-0,-0
2013-07-19,-0,-0,-0,3493.8,-0,-0
2013-07-22,-0,-0,-0,3518.09,-0,-0
2013-07-23,-0,-0,-0,3528.31,-0,-0
2013-07-24,-0,-0,-0,3491.74,-0,-0
2013-07-25,-0,-0,-0,3472.85,-0,-0
2013-07-26,-0,-0,-0,3462,-0,-0
2013-07-29,-0,-0,-0,3407.7,-0,-0
2013-07-30,-0,-0,-0,3333.11,-0,-0
2013-07-31,-0,-0,-0,3255.5,-0,-0
2013-08-01,-0,-0,-0,3267.4,-0,-0
2013-08-02,-0,-0,-0,3235.67,-0,-0
2013-08-05,-0,-0,-0,3238.96,-0,-0
2013-08-06,-0,-0,-0,3120.78,-0,-0
2013-08-07,-0,-0,-0,3114.91,-0,-0
2013-08-08,-0,-0,-0,3155.54,-0,-0
2013-08-12,-0,-0,-0,3198.37,-0,-0
2013-08-13,-0,-0,-0,3214.5,-0,-0
2013-08-14,-0,-0,-0,3234.46,-0,-0
2013-08-16,-0,-0,-0,3087.15,-0,-0
2013-08-19,-0,-0,-0,3009.35,-0,-0
2013-08-20,-0,-0,-0,2936.6,-0,-0
2013-08-21,-0,-0,-0,2895.25,-0,-0
2013-08-22,-0,-0,-0,2864.59,-0,-0
2013-08-23,-0,-0,-0,2930.94,-0,-0
2013-08-26,-0,-0,-0,2954.19,-0,-0
2013-08-27,-0,-0,-0,2789.96,-0,-0
2013-08-28,-0,-0,-0,2678.79,-0,-0
2013-08-29,-0,-0,-0,2768.2,-0,-0
2013-08-30,-0,-0,-0,2847.92,-0,-0
2013-09-02,-0,-0,-0,2920.3,-0,-0
2013-09-03,-0,-0,-0,2767.06,-0,-0
2013-09-04,-0,-0,-0,2816.35,-0,-0
2013-09-05,-0,-0,-0,2934.38,-0,-0
2013-09-06,-0,-0,-0,2984.01,-0,-0
2013-09-10,-0,-0,-0,3181.8,-0,-0
2013-09-11,-0,-0,-0,3206.24,-0,-0
2013-09-12,-0,-0,-0,3184.16,-0,-0
2013-09-13,-0,-0,-0,3178.03,-0,-0
2013-09-16,-0,-0,-0,3238.82,-0,-0
2013-09-17,-0,-0,-0,3198.46,-0,-0
2013-09-18,-0,-0,-0,3237.3,-0,-0
2013-09-19,-0,-0,-0,3431.76,-0,-0
2013-09-20,-0,-0,-0,3346.87,-0,-0
2013-09-23,-0,-0,-0,3264.22,-0,-0
2013-09-24,-0,-0,-0,3258.51,-0,-0
2013-09-25,-0,-0,-0,3246.17,-0,-0
2013-09-26,-0,-0,-0,3275.47,-0,-0
2013-09-27,-0,-0,-0,3269.98,-0,-0
2013-09-30,-0,-0,-0,3165.62,-0,-0
2013-10-01,-0,-0,-0,3211.88,-0,-0
2013-10-03,-0,-0,-0,3306.23,-0,-0
2013-10-04,-0,-0,-0,3333.4,-0,-0
2013-10-07,-0,-0,-0,3312.74,-0,-0
2013-10-08,-0,-0,-0,3329.94,-0,-0
2013-10-09,-0,-0,-0,3361.9,-0,-0
2013-10-10,-0,-0,-0,3357.45,-0,-0
2013-10-11,-0,-0,-0,3453.96,-0,-0
2013-10-14,-0,-0,-0,3455.01,-0,-0
2013-10-15,-0,-0,-0,3419.94,-0,-0
2013-10-17,-0,-0,-0,3401.85,-0,-0
2013-10-18,-0,-0,-0,3499.91,-0,-0
2013-10-21,-0,-0,-0,3496.61,-0,-0
2013-10-22,-0,-0,-0,3478.91,-0,-0
2013-10-23,-0,-0,-0,3479.06,-0,-0
2013-10-24,-0,-0,-0,3478.15,-0,-0
2013-10-25,-0,-0,-0,3455.12,-0,-0
2013-10-28,-0,-0,-0,3437.27,-0,-0
2013-10-29,-0,-0,-0,3507.05,-0,-0
2013-10-30,-0,-0,-0,3523.04,-0,-0
2013-10-31,-0,-0,-0,3554.23,-0,-0
2013-11-01,-0,-0,-0,3530.35,-0,-0
2013-11-03,-0,-0,-0,3536.02,-0,-0
2013-11-05,-0,-0,-0,3506.7,-0,-0
2013-11-06,-0,-0,-0,3477.81,-0,-0
2013-11-07,-0,-0,-0,3426.14,-0,-0
2013-11-08,-0,-0,-0,3391.87,-0,-0
2013-11-11,-0,-0,-0,3327.73,-0,-0
2013-11-12,-0,-0,-0,3279.08,-0,-0
2013-11-13,-0,-0,-0,3260.41,-0,-0
2013-11-14,-0,-0,-0,3327.48,-0,-0
2013-11-18,-0,-0,-0,3424.33,-0,-0
2013-11-19,-0,-0,-0,3453.99,-0,-0
2013-11-20,-0,-0,-0,3391.39,-0,-0
2013-11-21,-0,-0,-0,3305.27,-0,-0
2013-11-22,-0,-0,-0,3296.26,-0,-0
2013-11-25,-0,-0,-0,3386.18,-0,-0
2013-11-26,-0,-0,-0,3362.03,-0,-0
2013-11-27,-0,-0,-0,3365.47,-0,-0
2013-11-28,-0,-0,-0,3383.31,-0,-0
2013-11-29,-0,-0,-0,3429.79,-0,-0
2013-12-02,-0,-0,-0,3462.36,-0,-0
2013-12-03,-0,-0,-0,3446.89,-0,-0
2013-12-04,-0,-0,-0,3424.79,-0,-0
2013-12-05,-0,-0,-0,3505.54,-0,-0
2013-12-06,-0,-0,-0,3517.35,-0,-0
2013-12-09,-0,-0,-0,3604.35,-0,-0
2013-12-10,-0,-0,-0,3585.1,-0,-0
2013-12-11,-0,-0,-0,3563.73,-0,-0
2013-12-12,-0,-0,-0,3507.19,-0,-0
2013-12-13,-0,-0,-0,3440.31,-0,-0
2013-12-16,-0,-0,-0,3434,-0,-0
2013-12-17,-0,-0,-0,3433.26,-0,-0
2013-12-18,-0,-0,-0,3479.21,-0,-0
2013-12-19,-0,-0,-0,3425.36,-0,-0
2013-12-20,-0,-0,-0,3492.87,-0,-0
2013-12-23,-0,-0,-0,3512.7,-0,-0
2013-12-24,-0,-0,-0,3510.76,-0,-0
2013-12-26,-0,-0,-0,3510.48,-0,-0
2013-12-27,-0,-0,-0,3525.21,-0,-0
2013-12-30,-0,-0,-0,3515.76,-0,-0
2013-12-31,-0,-0,-0,3528.97,-0,-0
2014-01-01,-0,-0,-0,3525.59,-0,-0
2014-01-02,-0,-0,-0,3482.33,-0,-0
2014-01-03,-0,-0,-0,3448.57,-0,-0
2014-01-06,-0,-0,-0,3442.09,-0,-0
2014-01-07,-0,-0,-0,3422.98,-0,-0
2014-01-08,-0,-0,-0,3437.32,-0,-0
2014-01-09,-0,-0,-0,3437.27,-0,-0
2014-01-10,-0,-0,-0,3452.62,-0,-0
2014-01-13,-0,-0,-0,3533.02,-0,-0
2014-01-14,-0,-0,-0,3515.61,-0,-0
2014-01-15,-0,-0,-0,3556.18,-0,-0
2014-01-16,-0,-0,-0,3558.29,-0,-0
2014-01-17,-0,-0,-0,3536.48,-0,-0
2014-01-20,-0,-0,-0,3543.98,-0,-0
2014-01-21,-0,-0,-0,3555.25,-0,-0
2014-01-22,-0,-0,-0,3547.23,-0,-0
2014-01-23,-0,-0,-0,3547.1,-0,-0
2014-01-24,-0,-0,-0,3492.33,-0,-0
2014-01-27,-0,-0,-0,3390.09,-0,-0
2014-01-28,-0,-0,-0,3369.99,-0,-0
2014-01-29,-0,-0,-0,3409.41,-0,-0
2014-01-30,-0,-0,-0,3354.73,-0,-0
2014-01-31,-0,-0,-0,3377.28,-0,-0
2014-02-03,-0,-0,-0,3317.35,-0,-0
2014-02-04,-0,-0,-0,3317.27,-0,-0
2014-02-05,-0,-0,-0,3341.37,-0,-0
2014-02-06,-0,-0,-0,3346.29,-0,-0
2014-02-07,-0,-0,-0,3371.4,-0,-0
2014-02-10,-0,-0,-0,3372.61,-0,-0
2014-02-11,-0,-0,-0,3364.43,-0,-0
2014-02-12,-0,-0,-0,3393.33,-0,-0
2014-02-13,-0,-0,-0,3339.17,-0,-0
2014-02-14,-0,-0,-0,3365.22,-0,-0
2014-02-17,-0,-0,-0,3396.97,-0,-0
2014-02-18,-0,-0,-0,3417.53,-0,-0
2014-02-19,-0,-0,-0,3431.84,-0,-0
2014-02-20,-0,-0,-0,3388.8,-0,-0
2014-02-21,-0,-0,-0,3431.14,-0,-0
2014-02-24,-0,-0,-0,3450.65,-0,-0
2014-02-25,-0,-0,-0,3466.35,-0,-0
2014-02-26,-0,-0,-0,3490.17,-0,-0
2014-02-28,-0,-0,-0,3503.93,-0,-0
2014-03-03,-0,-0,-0,3484.84,-0,-0
2014-03-04,-0,-0,-0,3525.17,-0,-0
2014-03-05,-0,-0,-0,3545.18,-0,-0
2014-03-06,-0,-0,-0,3616.84,-0,-0
2014-03-07,-0,-0,-0,3708.26,-0,-0
2014-03-10,-0,-0,-0,3701.44,-0,-0
2014-03-11,-0,-0,-0,3717.27,-0,-0
2014-03-12,-0,-0,-0,3696.35,-0,-0
2014-03-13,-0,-0,-0,3687.37,-0,-0
2014-03-14,-0,-0,-0,3663.54,-0,-0
2014-03-18,-0,-0,-0,3705,-0,-0
2014-03-19,-0,-0,-0,3700,-0,-0
2014-03-20,-0,-0,-0,3674.72,-0,-0
2014-03-21,-0,-0,-0,3685.55,-0,-0
2014-03-22,-0,-0,-0,3686.52,-0,-0
2014-03-24,-0,-0,-0,3757.94,-0,-0
2014-03-25,-0,-0,-0,3774.54,-0,-0
2014-03-26,-0,-0,-0,3801.39,-0,-0
2014-03-27,-0,-0,-0,3827.34,-0,-0
2014-03-28,-0,-0,-0,3860.45,-0,-0
2014-03-31,-0,-0,-0,3865.25,-0,-0
2014-04-01,-0,-0,-0,3874.96,-0,-0
2014-04-02,-0,-0,-0,3922.73,-0,-0
2014-04-03,-0,-0,-0,3882.04,-0,-0
2014-04-04,-0,-0,-0,3845.4,-0,-0
2014-04-07,-0,-0,-0,3869.73,-0,-0
2014-04-09,-0,-0,-0,3919.96,-0,-0
2014-04-10,-0,-0,-0,3911.13,-0,-0
2014-04-11,-0,-0,-0,3895.97,-0,-0
2014-04-15,-0,-0,-0,3871.46,-0,-0
2014-04-16,-0,-0,-0,3840.5,-0,-0
2014-04-17,-0,-0,-0,3890.42,-0,-0
2014-04-21,-0,-0,-0,3915.33,-0,-0
2014-04-22,-0,-0,-0,3889.52,-0,-0
2014-04-23,-0,-0,-0,3881.45,-0,-0
2014-04-25,-0,-0,-0,3845.49,-0,-0
2014-04-28,-0,-0,-0,3872.09,-0,-0
2014-04-29,-0,-0,-0,3844.41,-0,-0
2014-04-30,-0,-0,-0,3845.54,-0,-0
2014-05-02,-0,-0,-0,3851.79,-0,-0
2014-05-05,-0,-0,-0,3865.83,-0,-0
2014-05-06,-0,-0,-0,3865.07,-0,-0
2014-05-07,-0,-0,-0,3839.3,-0,-0
2014-05-08,-0,-0,-0,3846.61,-0,-0
2014-05-09,-0,-0,-0,3957.4,-0,-0
2014-05-12,-0,-0,-0,4069.1,-0,-0
2014-05-13,-0,-0,-0,4113.71,-0,-0
2014-05-14,-0,-0,-0,4113.71,-0,-0
2014-05-15,-0,-0,-0,4149.96,-0,-0
2014-05-16,-0,-0,-0,4240.22,-0,-0
2014-05-19,-0,-0,-0,4307.7,-0,-0
2014-05-20,-0,-0,-0,4291.31,-0,-0
2014-05-21,-0,-0,-0,4276.03,-0,-0
2014-05-22,-0,-0,-0,4304.41,-0,-0
2014-05-23,-0,-0,-0,4364.86,-0,-0
2014-05-26,-0,-0,-0,4352.33,-0,-0
2014-05-27,-0,-0,-0,4293.52,-0,-0
2014-05-28,-0,-0,-0,4299.01,-0,-0
2014-05-29,-0,-0,-0,4260.85,-0,-0
2014-05-30,-0,-0,-0,4243.66,-0,-0
2014-06-02,-0,-0,-0,4313.8,-0,-0
2014-06-03,-0,-0,-0,4339.62,-0,-0
2014-06-04,-0,-0,-0,4322.65,-0,-0
2014-06-05,-0,-0,-0,4367.44,-0,-0
2014-06-06,-0,-0,-0,4438.82,-0,-0
2014-06-09,-0,-0,-0,4490.85,-0,-0
2014-06-10,-0,-0,-0,4476.42,-0,-0
2014-06-11,-0,-0,-0,4454.62,-0,-0
2014-06-12,-0,-0,-0,4467.83,-0,-0
2014-06-13,-0,-0,-0,4393.77,-0,-0
2014-06-16,-0,-0,-0,4350.2,-0,-0
2014-06-17,-0,-0,-0,4380.43,-0,-0
2014-06-18,-0,-0,-0,4355.85,-0,-0
2014-06-19,-0,-0,-0,4354.52,-0,-0
2014-06-20,-0,-0,-0,4317.82,-0,-0
2014-06-23,-0,-0,-0,4313.55,-0,-0
2014-06-24,-0,-0,-0,4369.91,-0,-0
2014-06-25,-0,-0,-0,4351.05,-0,-0
2014-06-26,-0,-0,-0,4315.7,-0,-0
2014-06-27,-0,-0,-0,4329.43,-0,-0
2014-06-30,-0,-0,-0,4388.73,-0,-0
2014-07-01,-0,-0,-0,4399,-0,-0
2014-07-02,-0,-0,-0,4463.18,-0,-0
2014-07-03,-0,-0,-0,4475.99,-0,-0
2014-07-04,-0,-0,-0,4491.99,-0,-0
2014-07-07,-0,-0,-0,4501.18,-0,-0
2014-07-08,-0,-0,-0,4417.36,-0,-0
2014-07-09,-0,-0,-0,4400.42,-0,-0
2014-07-10,-0,-0,-0,4379.51,-0,-0
2014-07-11,-0,-0,-0,4294.65,-0,-0
2014-07-14,-0,-0,-0,4304.42,-0,-0
2014-07-15,-0,-0,-0,4330.79,-0,-0
2014-07-16,-0,-0,-0,4389.16,-0,-0
2014-07-17,-0,-0,-0,4402.08,-0,-0
2014-07-18,-0,-0,-0,4401.68,-0,-0
2014-07-21,-0,-0,-0,4423.97,-0,-0
2014-07-22,-0,-0,-0,4468.34,-0,-0
2014-07-23,-0,-0,-0,4488.35,-0,-0
2014-07-24,-0,-0,-0,4522.03,-0,-0
2014-07-25,-0,-0,-0,4488.17,-0,-0
2014-07-28,-0,-0,-0,4467.34,-0,-0
2014-07-30,-0,-0,-0,4488.42,-0,-0
2014-07-31,-0,-0,-0,4440.84,-0,-0
2014-08-01,-0,-0,-0,4329.11,-0,-0
2014-08-04,-0,-0,-0,4363.22,-0,-0
2014-08-05,-0,-0,-0,4409.76,-0,-0
2014-08-06,-0,-0,-0,4334.11,-0,-0
2014-08-07,-0,-0,-0,4315.86,-0,-0
2014-08-08,-0,-0,-0,4260.25,-0,-0
2014-08-11,-0,-0,-0,4323.53,-0,-0
2014-08-12,-0,-0,-0,4375.96,-0,-0
2014-08-13,-0,-0,-0,4378.68,-0,-0
2014-08-14,-0,-0,-0,4421.73,-0,-0
2014-08-18,-0,-0,-0,4468.56,-0,-0
2014-08-19,-0,-0,-0,4506.29,-0,-0
2014-08-20,-0,-0,-0,4497.85,-0,-0
2014-08-21,-0,-0,-0,4499.59,-0,-0
2014-08-22,-0,-0,-0,4536.9,-0,-0
2014-08-25,-0,-0,-0,4533.62,-0,-0
2014-08-26,-0,-0,-0,4527.57,-0,-0
2014-08-27,-0,-0,-0,4547.6,-0,-0
2014-08-28,-0,-0,-0,4557.59,-0,-0
2014-09-01,-0,-0,-0,4599.68,-0,-0
2014-09-02,-0,-0,-0,4620.98,-0,-0
2014-09-03,-0,-0,-0,4644.02,-0,-0
2014-09-04,-0,-0,-0,4640.3,-0,-0
2014-09-05,-0,-0,-0,4636.29,-0,-0
2014-09-08,-0,-0,-0,4699.85,-0,-0
2014-09-09,-0,-0,-0,4675.02,-0,-0
2014-09-10,-0,-0,-0,4610.9,-0,-0
2014-09-11,-0,-0,-0,4599.32,-0,-0
2014-09-12,-0,-0,-0,4616.29,-0,-0
2014-09-15,-0,-0,-0,4568.54,-0,-0
2014-09-16,-0,-0,-0,4498.67,-0,-0
2014-09-17,-0,-0,-0,4533.77,-0,-0
2014-09-18,-0,-0,-0,4605.24,-0,-0
2014-09-19,-0,-0,-0,4628.01,-0,-0
2014-09-22,-0,-0,-0,4643.55,-0,-0
2014-09-23,-0,-0,-0,4563.91,-0,-0
2014-09-24,-0,-0,-0,4543.45,-0,-0
2014-09-25,-0,-0,-0,4492.39,-0,-0
2014-09-26,-0,-0,-0,4484.52,-0,-0
2014-09-29,-0,-0,-0,4489.46,-0,-0
2014-09-30,-0,-0,-0,4479.22,-0,-0
2014-10-01,-0,-0,-0,4458.43,-0,-0
2014-10-07,-0,-0,-0,4434.3,-0,-0
2014-10-08,-0,-0,-0,4421.22,-0,-0
2014-10-09,-0,-0,-0,4519.13,-0,-0
2014-10-10,-0,-0,-0,4452.86,-0,-0
2014-10-13,-0,-0,-0,4460.57,-0,-0
2014-10-14,-0,-0,-0,4459.12,-0,-0
2014-10-16,-0,-0,-0,4366.91,-0,-0
2014-10-17,-0,-0,-0,4374.91,-0,-0
2014-10-20,-0,-0,-0,4454.78,-0,-0
2014-10-21,-0,-0,-0,4481.43,-0,-0
2014-10-22,-0,-0,-0,4524.48,-0,-0
2014-10-23,-0,-0,-0,4535.02,-0,-0
2014-10-27,-0,-0,-0,4522.56,-0,-0
2014-10-28,-0,-0,-0,4533.75,-0,-0
2014-10-29,-0,-0,-0,4571.85,-0,-0
2014-10-30,-0,-0,-0,4605.38,-0,-0
2014-10-31,-0,-0,-0,4695.86,-0,-0
2014-11-03,-0,-0,-0,4696.67,-0,-0
2014-11-05,-0,-0,-0,4706.56,-0,-0
2014-11-07,-0,-0,-0,4695.62,-0,-0
2014-11-10,-0,-0,-0,4704.99,-0,-0
2014-11-11,-0,-0,-0,4707.82,-0,-0
2014-11-12,-0,-0,-0,4724.93,-0,-0
2014-11-13,-0,-0,-0,4704.64,-0,-0
2014-11-14,-0,-0,-0,4715.7,-0,-0
2014-11-17,-0,-0,-0,4736.29,-0,-0
2014-11-18,-0,-0,-0,4723.62,-0,-0
2014-11-19,-0,-0,-0,4697.66,-0,-0
2014-11-20,-0,-0,-0,4687.69,-0,-0
2014-11-21,-0,-0,-0,4749.2,-0,-0
2014-11-24,-0,-0,-0,4784.25,-0,-0
2014-11-25,-0,-0,-0,4735.94,-0,-0
2014-11-26,-0,-0,-0,4747.13,-0,-0
2014-11-27,-0,-0,-0,4757.53,-0,-0
2014-11-28,-0,-0,-0,4801.77,-0,-0
2014-12-01,-0,-0,-0,4771.05,-0,-0
2014-12-02,-0,-0,-0,4769.93,-0,-0
2014-12-03,-0,-0,-0,4780.19,-0,-0
2014-12-04,-0,-0,-0,4795.91,-0,-0
2014-12-05,-0,-0,-0,4783.11,-0,-0
2014-12-08,-0,-0,-0,4721.58,-0,-0
2014-12-09,-0,-0,-0,4670.79,-0,-0
2014-12-10,-0,-0,-0,4673.51,-0,-0
2014-12-11,-0,-0,-0,4619.32,-0,-0
2014-12-12,-0,-0,-0,4563.66,-0,-0
2014-12-15,-0,-0,-0,4545.83,-0,-0
2014-12-16,-0,-0,-0,4408.24,-0,-0
2014-12-17,-0,-0,-0,4376.02,-0,-0
2014-12-18,-0,-0,-0,4465.22,-0,-0
2014-12-19,-0,-0,-0,4519.05,-0,-0
2014-12-22,-0,-0,-0,4565.48,-0,-0
2014-12-23,-0,-0,-0,4514.79,-0,-0
2014-12-24,-0,-0,-0,4463.06,-0,-0
2014-12-26,-0,-0,-0,4465.35,-0,-0
2014-12-29,-0,-0,-0,4488.87,-0,-0
2014-12-30,-0,-0,-0,4483.18,-0,-0
2014-12-31,-0,-0,-0,4531.64,-0,-0
2015-01-01,-0,-0,-0,4533.08,-0,-0
2015-01-02,-0,-0,-0,4596.49,-0,-0
2015-01-05,-0,-0,-0,4579.87,-0,-0
2015-01-06,-0,-0,-0,4442.88,-0,-0
2015-01-07,-0,-0,-0,4424.57,-0,-0
2015-01-08,-0,-0,-0,4531.4,-0,-0
2015-01-09,-0,-0,-0,4600.64,-0,-0
2015-01-12,-0,-0,-0,4639.48,-0,-0
2015-01-13,-0,-0,-0,4630.67,-0,-0
2015-01-14,-0,-0,-0,4614.68,-0,-0
2015-01-15,-0,-0,-0,4765.67,-0,-0
2015-01-16,-0,-0,-0,4766.32,-0,-0
2015-01-19,-0,-0,-0,4802.06,-0,-0
2015-01-20,-0,-0,-0,4871.71,-0,-0
2015-01-21,-0,-0,-0,4909.24,-0,-0
2015-01-22,-0,-0,-0,4921.01,-0,-0
2015-01-23,-0,-0,-0,4978.21,-0,-0
2015-01-27,-0,-0,-0,5023.23,-0,-0
2015-01-28,-0,-0,-0,5029.76,-0,-0
2015-01-29,-0,-0,-0,5043.91,-0,-0
2015-01-30,-0,-0,-0,4942.37,-0,-0
2015-02-02,-0,-0,-0,4925.83,-0,-0
2015-02-03,-0,-0,-0,4914.48,-0,-0
2015-02-04,-0,-0,-0,4900.73,-0,-0
2015-02-05,-0,-0,-0,4878.58,-0,-0
2015-02-06,-0,-0,-0,4861.09,-0,-0
2015-02-09,-0,-0,-0,4754.33,-0,-0
2015-02-10,-0,-0,-0,4789.86,-0,-0
2015-02-11,-0,-0,-0,4809.69,-0,-0
2015-02-12,-0,-0,-0,4835.09,-0,-0
2015-02-13,-0,-0,-0,4910.36,-0,-0
2015-02-16,-0,-0,-0,4907.27,-0,-0
2015-02-18,-0,-0,-0,4937.18,-0,-0
2015-02-19,-0,-0,-0,4951.76,-0,-0
2015-02-20,-0,-0,-0,4916.62,-0,-0
2015-02-23,-0,-0,-0,4878.41,-0,-0
2015-02-24,-0,-0,-0,4875.19,-0,-0
2015-02-25,-0,-0,-0,4896.07,-0,-0
2015-02-26,-0,-0,-0,4857.9,-0,-0
2015-02-27,-0,-0,-0,4959.73,-0,-0
2015-02-28,-0,-0,-0,4991.83,-0,-0
2015-03-02,-0,-0,-0,5019.86,-0,-0
2015-03-03,-0,-0,-0,5040.87,-0,-0
2015-03-04,-0,-0,-0,4998.37,-0,-0
2015-03-05,-0,-0,-0,4978.86,-0,-0
2015-03-09,-0,-0,-0,4845.75,-0,-0
2015-03-10,-0,-0,-0,4814.67,-0,-0
2015-03-11,-0,-0,-0,4804.42,-0,-0
2015-03-12,-0,-0,-0,4860.25,-0,-0
2015-03-13,-0,-0,-0,4781.06,-0,-0
2015-03-16,-0,-0,-0,4761.73,-0,-0
2015-03-17,-0,-0,-0,4821.39,-0,-0
2015-03-18,-0,-0,-0,4802.24,-0,-0
2015-03-19,-0,-0,-0,4793.11,-0,-0
2015-03-20,-0,-0,-0,4752.29,-0,-0
2015-03-23,-0,-0,-0,4756.75,-0,-0
2015-03-24,-0,-0,-0,4759.15,-0,-0
2015-03-25,-0,-0,-0,4741.47,-0,-0
2015-03-26,-0,-0,-0,4612.13,-0,-0
2015-03-27,-0,-0,-0,4616.58,-0,-0
2015-03-30,-0,-0,-0,4698.32,-0,-0
2015-03-31,-0,-0,-0,4700.58,-0,-0
2015-04-01,-0,-0,-0,4753.3,-0,-0
2015-04-06,-0,-0,-0,4827.47,-0,-0
2015-04-07,-0,-0,-0,4814.2,-0,-0
2015-04-08,-0,-0,-0,4844.49,-0,-0
2015-04-09,-0,-0,-0,4885.76,-0,-0
2015-04-10,-0,-0,-0,4878.3,-0,-0
2015-04-13,-0,-0,-0,4906.32,-0,-0
2015-04-15,-0,-0,-0,4858.69,-0,-0
2015-04-16,-0,-0,-0,4837.17,-0,-0
2015-04-17,-0,-0,-0,4782.94,-0,-0
2015-04-20,-0,-0,-0,4678.88,-0,-0
2015-04-21,-0,-0,-0,4613.61,-0,-0
2015-04-22,-0,-0,-0,4649.75,-0,-0
2015-04-23,-0,-0,-0,4605.53,-0,-0
2015-04-24,-0,-0,-0,4539.04,-0,-0
2015-04-27,-0,-0,-0,4474.15,-0,-0
2015-04-28,-0,-0,-0,4533.3,-0,-0
2015-04-29,-0,-0,-0,4517.35,-0,-0
2015-04-30,-0,-0,-0,4458.91,-0,-0
2015-05-04,-0,-0,-0,4540.92,-0,-0
2015-05-05,-0,-0,-0,4541.2,-0,-0
2015-05-06,-0,-0,-0,4408.4,-0,-0
2015-05-07,-0,-0,-0,4370.47,-0,-0
2015-05-08,-0,-0,-0,4431.51,-0,-0
2015-05-11,-0,-0,-0,4517.97,-0,-0
2015-05-12,-0,-0,-0,4386.13,-0,-0
2015-05-13,-0,-0,-0,4445.57,-0,-0
2015-05-14,-0,-0,-0,4463.93,-0,-0
2015-05-15,-0,-0,-0,4502.91,-0,-0
2015-05-18,-0,-0,-0,4565.34,-0,-0
2015-05-19,-0,-0,-0,4551.48,-0,-0
2015-05-20,-0,-0,-0,4570,-0,-0
2015-05-21,-0,-0,-0,4580.65,-0,-0
2015-05-22,-0,-0,-0,4610.51,-0,-0
2015-05-25,-0,-0,-0,4558.56,-0,-0
2015-05-26,-0,-0,-0,4525.94,-0,-0
2015-05-27,-0,-0,-0,4516.11,-0,-0
2015-05-28,-0,-0,-0,4510.93,-0,-0
2015-05-29,-0,-0,-0,4583.11,-0,-0
2015-06-01,-0,-0,-0,4594.02,-0,-0
2015-06-02,-0,-0,-0,4470.92,-0,-0
2015-06-03,-0,-0,-0,4414.65,-0,-0
2015-06-04,-0,-0,-0,4389.82,-0,-0
2015-06-05,-0,-0,-0,4400.54,-0,-0
2015-06-08,-0,-0,-0,4347.68,-0,-0
2015-06-09,-0,-0,-0,4347.71,-0,-0
2015-06-10,-0,-0,-0,4406.55,-0,-0
2015-06-11,-0,-0,-0,4319.84,-0,-0
2015-06-12,-0,-0,-0,4319.96,-0,-0
2015-06-15,-0,-0,-0,4332.89,-0,-0
2015-06-16,-0,-0,-0,4346.64,-0,-0
2015-06-17,-0,-0,-0,4373.07,-0,-0
2015-06-18,-0,-0,-0,4436.22,-0,-0
2015-06-19,-0,-0,-0,4465.63,-0,-0
2015-06-22,-0,-0,-0,4557.33,-0,-0
2015-06-23,-0,-0,-0,4563.46,-0,-0
2015-06-24,-0,-0,-0,4550.79,-0,-0
2015-06-25,-0,-0,-0,4574.47,-0,-0
2015-06-26,-0,-0,-0,4565.81,-0,-0
2015-06-29,-0,-0,-0,4509.48,-0,-0
2015-06-30,-0,-0,-0,4548.19,-0,-0
2015-07-01,-0,-0,-0,4603.7,-0,-0
2015-07-02,-0,-0,-0,4603.02,-0,-0
2015-07-03,-0,-0,-0,4637.52,-0,-0
2015-07-06,-0,-0,-0,4644.53,-0,-0
2015-07-07,-0,-0,-0,4653.25,-0,-0
2015-07-08,-0,-0,-0,4558.5,-0,-0
2015-07-09,-0,-0,-0,4544.17,-0,-0
2015-07-10,-0,-0,-0,4570.79,-0,-0
2015-07-13,-0,-0,-0,4618.68,-0,-0
2015-07-14,-0,-0,-0,4613.31,-0,-0
2015-07-15,-0,-0,-0,4659.63,-0,-0
2015-07-16,-0,-0,-0,4697.49,-0,-0
2015-07-17,-0,-0,-0,4698.67,-0,-0
2015-07-20,-0,-0,-0,4690.87,-0,-0
2015-07-21,-0,-0,-0,4643.24,-0,-0
2015-07-22,-0,-0,-0,4708.93,-0,-0
2015-07-23,-0,-0,-0,4671.47,-0,-0
2015-07-24,-0,-0,-0,4621.45,-0,-0
2015-07-27,-0,-0,-0,4526.49,-0,-0
2015-07-28,-0,-0,-0,4511.79,-0,-0
2015-07-29,-0,-0,-0,4541.81,-0,-0
2015-07-30,-0,-0,-0,4559.18,-0,-0
2015-07-31,-0,-0,-0,4619.35,-0,-0
2015-08-03,-0,-0,-0,4627.99,-0,-0
2015-08-04,-0,-0,-0,4616.05,-0,-0
2015-08-05,-0,-0,-0,4652.14,-0,-0
2015-08-06,-0,-0,-0,4667.44,-0,-0
2015-08-07,-0,-0,-0,4651.01,-0,-0
2015-08-10,-0,-0,-0,4633.26,-0,-0
2015-08-11,-0,-0,-0,4569.21,-0,-0
2015-08-12,-0,-0,-0,4462.79,-0,-0
2015-08-13,-0,-0,-0,4459.71,-0,-0
2015-08-14,-0,-0,-0,4532.5,-0,-0
2015-08-17,-0,-0,-0,4503.81,-0,-0
2015-08-18,-0,-0,-0,4498.1,-0,-0
2015-08-19,-0,-0,-0,4511.05,-0,-0
2015-08-20,-0,-0,-0,4447.01,-0,-0
2015-08-21,-0,-0,-0,4368.73,-0,-0
2015-08-24,-0,-0,-0,4068.33,-0,-0
2015-08-25,-0,-0,-0,4093.38,-0,-0
2015-08-26,-0,-0,-0,4080.76,-0,-0
2015-08-27,-0,-0,-0,4169.39,-0,-0
2015-08-28,-0,-0,-0,4195.88,-0,-0
2015-08-31,-0,-0,-0,4165.61,-0,-0
2015-09-01,-0,-0,-0,4071.52,-0,-0
2015-09-02,-0,-0,-0,4041.38,-0,-0
2015-09-03,-0,-0,-0,4092.92,-0,-0
2015-09-04,-0,-0,-0,3994.67,-0,-0
2015-09-07,-0,-0,-0,3924.11,-0,-0
2015-09-08,-0,-0,-0,3999.61,-0,-0
2015-09-09,-0,-0,-0,4086.52,-0,-0
2015-09-10,-0,-0,-0,4052.89,-0,-0
2015-09-11,-0,-0,-0,4065.57,-0,-0
2015-09-14,-0,-0,-0,4109.84,-0,-0
2015-09-15,-0,-0,-0,4083.15,-0,-0
2015-09-16,-0,-0,-0,4115.88,-0,-0
2015-09-18,-0,-0,-0,4195.23,-0,-0
2015-09-21,-0,-0,-0,4203.71,-0,-0
2015-09-22,-0,-0,-0,4124.74,-0,-0
2015-09-23,-0,-0,-0,4121.01,-0,-0
2015-09-24,-0,-0,-0,4124.76,-0,-0
2015-09-28,-0,-0,-0,4087.76,-0,-0
2015-09-29,-0,-0,-0,4106.26,-0,-0
2015-09-30,-0,-0,-0,4189.55,-0,-0
2015-10-01,-0,-0,-0,4202.61,-0,-0
2015-10-05,-0,-0,-0,4308.95,-0,-0
2015-10-06,-0,-0,-0,4320.15,-0,-0
2015-10-07,-0,-0,-0,4342,-0,-0
2015-10-08,-0,-0,-0,4323.13,-0,-0
2015-10-09,-0,-0,-0,4380.23,-0,-0
2015-10-12,-0,-0,-0,4359.55,-0,-0
2015-10-13,-0,-0,-0,4333.39,-0,-0
2015-10-14,-0,-0,-0,4314.68,-0,-0
2015-10-15,-0,-0,-0,4372.13,-0,-0
2015-10-16,-0,-0,-0,4393.63,-0,-0
2015-10-19,-0,-0,-0,4423.63,-0,-0
2015-10-20,-0,-0,-0,4411.51,-0,-0
2015-10-21,-0,-0,-0,4388.57,-0,-0
2015-10-23,-0,-0,-0,4430.18,-0,-0
2015-10-26,-0,-0,-0,4406.2,-0,-0
2015-10-27,-0,-0,-0,4391.8,-0,-0
2015-10-28,-0,-0,-0,4353.14,-0,-0
2015-10-29,-0,-0,-0,4314.14,-0,-0
2015-10-30,-0,-0,-0,4284.98,-0,-0
2015-11-02,-0,-0,-0,4260.29,-0,-0
2015-11-03,-0,-0,-0,4267.36,-0,-0
2015-11-04,-0,-0,-0,4248.91,-0,-0
2015-11-05,-0,-0,-0,4197.24,-0,-0
2015-11-06,-0,-0,-0,4189.26,-0,-0
2015-11-09,-0,-0,-0,4134.33,-0,-0
2015-11-10,-0,-0,-0,4064.73,-0,-0
2015-11-11,-0,-0,-0,4086.48,-0,-0
2015-11-13,-0,-0,-0,4066.62,-0,-0
2015-11-16,-0,-0,-0,4088.01,-0,-0
2015-11-17,-0,-0,-0,4115.92,-0,-0
2015-11-18,-0,-0,-0,4052.2,-0,-0
2015-11-19,-0,-0,-0,4110.56,-0,-0
2015-11-20,-0,-0,-0,4118.83,-0,-0
2015-11-23,-0,-0,-0,4099.19,-0,-0
2015-11-24,-0,-0,-0,4087.8,-0,-0
2015-11-26,-0,-0,-0,4104.74,-0,-0
2015-11-27,-0,-0,-0,4123.05,-0,-0
2015-11-30,-0,-0,-0,4115.21,-0,-0
2015-12-01,-0,-0,-0,4143.8,-0,-0
2015-12-02,-0,-0,-0,4125.46,-0,-0
2015-12-03,-0,-0,-0,4082.59,-0,-0
2015-12-04,-0,-0,-0,4034.35,-0,-0
2015-12-07,-0,-0,-0,4038.51,-0,-0
2015-12-08,-0,-0,-0,3995.08,-0,-0
2015-12-09,-0,-0,-0,3951.65,-0,-0
2015-12-10,-0,-0,-0,3986,-0,-0
2015-12-11,-0,-0,-0,3948.47,-0,-0
2015-12-14,-0,-0,-0,3956.68,-0,-0
2015-12-15,-0,-0,-0,3980.04,-0,-0
2015-12-16,-0,-0,-0,4017.66,-0,-0
2015-12-17,-0,-0,-0,4078.19,-0,-0
2015-12-18,-0,-0,-0,4049.03,-0,-0
2015-12-21,-0,-0,-0,4093,-0,-0
2015-12-22,-0,-0,-0,4069.31,-0,-0
2015-12-23,-0,-0,-0,4117.03,-0,-0
2015-12-24,-0,-0,-0,4114.46,-0,-0
2015-12-28,-0,-0,-0,4152.02,-0,-0
2015-12-29,-0,-0,-0,4139.5,-0,-0
2015-12-30,-0,-0,-0,4119.05,-0,-0
2015-12-31,-0,-0,-0,4151.34,-0,-0
2016-01-01,-0,-0,-0,4169.42,-0,-0
2016-01-04,-0,-0,-0,4061.97,-0,-0
2016-01-05,-0,-0,-0,4053.68,-0,-0
2016-01-06,-0,-0,-0,4020.39,-0,-0
2016-01-07,-0,-0,-0,3919.22,-0,-0
2016-01-08,-0,-0,-0,3950.67,-0,-0
2016-01-11,-0,-0,-0,3924.15,-0,-0
2016-01-12,-0,-0,-0,3890.41,-0,-0
2016-01-13,-0,-0,-0,3920.41,-0,-0
2016-01-14,-0,-0,-0,3892.24,-0,-0
2016-01-15,-0,-0,-0,3821.9,-0,-0
2016-01-18,-0,-0,-0,3768.6,-0,-0
2016-01-19,-0,-0,-0,3813.12,-0,-0
2016-01-20,-0,-0,-0,3725.76,-0,-0
2016-01-21,-0,-0,-0,3704.68,-0,-0
2016-01-22,-0,-0,-0,3796.23,-0,-0
2016-01-25,-0,-0,-0,3809.16,-0,-0
2016-01-27,-0,-0,-0,3791.07,-0,-0
2016-01-28,-0,-0,-0,3778.53,-0,-0
2016-01-29,-0,-0,-0,3861.11,-0,-0
2016-02-01,-0,-0,-0,3868.8,-0,-0
2016-02-02,-0,-0,-0,3808.35,-0,-0
2016-02-03,-0,-0,-0,3741.23,-0,-0
2016-02-04,-0,-0,-0,3783.39,-0,-0
2016-02-05,-0,-0,-0,3836.64,-0,-0
2016-02-08,-0,-0,-0,3774.27,-0,-0
2016-02-09,-0,-0,-0,3710.01,-0,-0
2016-02-10,-0,-0,-0,3683.41,-0,-0
2016-02-11,-0,-0,-0,3554.05,-0,-0
2016-02-12,-0,-0,-0,3534.51,-0,-0
2016-02-15,-0,-0,-0,3642.71,-0,-0
2016-02-16,-0,-0,-0,3573.84,-0,-0
2016-02-17,-0,-0,-0,3590.91,-0,-0
2016-02-18,-0,-0,-0,3638.19,-0,-0
2016-02-19,-0,-0,-0,3647.81,-0,-0
2016-02-22,-0,-0,-0,3656.75,-0,-0
2016-02-23,-0,-0,-0,3588.92,-0,-0
2016-02-24,-0,-0,-0,3546.96,-0,-0
2016-02-25,-0,-0,-0,3520.92,-0,-0
2016-02-26,-0,-0,-0,3541.57,-0,-0
2016-02-29,-0,-0,-0,3528.35,-0,-0
2016-03-01,-0,-0,-0,3671.65,-0,-0
2016-03-02,-0,-0,-0,3771.37,-0,-0
2016-03-03,-0,-0,-0,3844.39,-0,-0
2016-03-04,-0,-0,-0,3855.54,-0,-0
2016-03-08,-0,-0,-0,3851.69,-0,-0
2016-03-09,-0,-0,-0,3868.44,-0,-0
2016-03-10,-0,-0,-0,3868.62,-0,-0
2016-03-11,-0,-0,-0,3878.98,-0,-0
2016-03-14,-0,-0,-0,3897.43,-0,-0
2016-03-15,-0,-0,-0,3845.22,-0,-0
2016-03-16,-0,-0,-0,3856.89,-0,-0
2016-03-17,-0,-0,-0,3892.15,-0,-0
2016-03-18,-0,-0,-0,3955.79,-0,-0
2016-03-21,-0,-0,-0,4014.08,-0,-0
2016-03-22,-0,-0,-0,4017.38,-0,-0
2016-03-23,-0,-0,-0,3998.82,-0,-0
2016-03-28,-0,-0,-0,3957.88,-0,-0
2016-03-29,-0,-0,-0,3954.99,-0,-0
2016-03-30,-0,-0,-0,4035.87,-0,-0
2016-03-31,-0,-0,-0,4042.27,-0,-0
2016-04-01,-0,-0,-0,4029.04,-0,-0
2016-04-04,-0,-0,-0,4058.42,-0,-0
2016-04-05,-0,-0,-0,3972.14,-0,-0
2016-04-06,-0,-0,-0,3962.67,-0,-0
2016-04-07,-0,-0,-0,3933.88,-0,-0
2016-04-08,-0,-0,-0,3938.44,-0,-0
2016-04-11,-0,-0,-0,4003.69,-0,-0
2016-04-12,-0,-0,-0,4017.07,-0,-0
2016-04-13,-0,-0,-0,4094.86,-0,-0
2016-04-18,-0,-0,-0,4113.69,-0,-0
2016-04-20,-0,-0,-0,4140.15,-0,-0
2016-04-21,-0,-0,-0,4135.48,-0,-0
2016-04-22,-0,-0,-0,4116.42,-0,-0
2016-04-25,-0,-0,-0,4081.6,-0,-0
2016-04-26,-0,-0,-0,4134.48,-0,-0
2016-04-27,-0,-0,-0,4155.08,-0,-0
2016-04-28,-0,-0,-0,4094.7,-0,-0
2016-04-29,-0,-0,-0,4089.09,-0,-0
2016-05-02,-0,-0,-0,4076.87,-0,-0
2016-05-03,-0,-0,-0,4050.62,-0,-0
2016-05-04,-0,-0,-0,4013.19,-0,-0
2016-05-05,-0,-0,-0,4029.96,-0,-0
2016-05-06,-0,-0,-0,4024.51,-0,-0
2016-05-09,-0,-0,-0,4102.47,-0,-0
2016-05-10,-0,-0,-0,4096.26,-0,-0
2016-05-11,-0,-0,-0,4077.65,-0,-0
2016-05-12,-0,-0,-0,4110.5,-0,-0
2016-05-13,-0,-0,-0,4056.05,-0,-0
2016-05-16,-0,-0,-0,4076.14,-0,-0
2016-05-17,-0,-0,-0,4097.73,-0,-0
2016-05-18,-0,-0,-0,4075.43,-0,-0
2016-05-19,-0,-0,-0,4011.47,-0,-0
2016-05-20,-0,-0,-0,3983.63,-0,-0
2016-05-23,-0,-0,-0,3977.49,-0,-0
2016-05-24,-0,-0,-0,3965.64,-0,-0
2016-05-25,-0,-0,-0,4076.46,-0,-0
2016-05-26,-0,-0,-0,4155.63,-0,-0
2016-05-27,-0,-0,-0,4214.47,-0,-0
2016-05-30,-0,-0,-0,4208.29,-0,-0
2016-05-31,-0,-0,-0,4207.36,-0,-0
2016-06-01,-0,-0,-0,4208.23,-0,-0
2016-06-02,-0,-0,-0,4234.54,-0,-0
2016-06-03,-0,-0,-0,4236.25,-0,-0
2016-06-06,-0,-0,-0,4243.74,-0,-0
2016-06-07,-0,-0,-0,4285.95,-0,-0
2016-06-08,-0,-0,-0,4295.38,-0,-0
2016-06-09,-0,-0,-0,4266.5,-0,-0
2016-06-10,-0,-0,-0,4238.24,-0,-0
2016-06-13,-0,-0,-0,4189.9,-0,-0
2016-06-14,-0,-0,-0,4184.13,-0,-0
2016-06-15,-0,-0,-0,4234.07,-0,-0
2016-06-16,-0,-0,-0,4197.15,-0,-0
2016-06-17,-0,-0,-0,4214.75,-0,-0
2016-06-20,-0,-0,-0,4234.83,-0,-0
2016-06-21,-0,-0,-0,4221.01,-0,-0
2016-06-22,-0,-0,-0,4207.67,-0,-0
2016-06-23,-0,-0,-0,4253.68,-0,-0
2016-06-24,-0,-0,-0,4120.74,-0,-0
2016-06-27,-0,-0,-0,4130.81,-0,-0
2016-06-28,-0,-0,-0,4148.52,-0,-0
2016-06-29,-0,-0,-0,4196.2,-0,-0
2016-06-30,-0,-0,-0,4247.04,-0,-0
2016-07-01,-0,-0,-0,4278.95,-0,-0
2016-07-04,-0,-0,-0,4317.13,-0,-0
2016-07-05,-0,-0,-0,4285.28,-0,-0
2016-07-07,-0,-0,-0,4280.3,-0,-0
2016-07-08,-0,-0,-0,4275.21,-0,-0
2016-07-11,-0,-0,-0,4369.99,-0,-0
2016-07-12,-0,-0,-0,4397.13,-0,-0
2016-07-13,-0,-0,-0,4392.56,-0,-0
2016-07-14,-0,-0,-0,4435.23,-0,-0
2016-07-15,-0,-0,-0,4412.98,-0,-0
2016-07-18,-0,-0,-0,4393.73,-0,-0
2016-07-19,-0,-0,-0,4401.06,-0,-0
2016-07-20,-0,-0,-0,4418.62,-0,-0
2016-07-21,-0,-0,-0,4387.78,-0,-0
2016-07-22,-0,-0,-0,4408.3,-0,-0
2016-07-25,-0,-0,-0,4449.91,-0,-0
2016-07-26,-0,-0,-0,4418.5,-0,-0
2016-07-27,-0,-0,-0,4440.14,-0,-0
2016-07-28,-0,-0,-0,4478.22,-0,-0
2016-07-29,-0,-0,-0,4465.25,-0,-0
2016-08-01,-0,-0,-0,4483.84,-0,-0
2016-08-02,-0,-0,-0,4475.4,-0,-0
2016-08-03,-0,-0,-0,4423.27,-0,-0
2016-08-04,-0,-0,-0,4425.98,-0,-0
2016-08-05,-0,-0,-0,4503.1,-0,-0
2016-08-08,-0,-0,-0,4522.69,-0,-0
2016-08-09,-0,-0,-0,4490.55,-0,-0
2016-08-10,-0,-0,-0,4451.84,-0,-0
2016-08-11,-0,-0,-0,4453.06,-0,-0
2016-08-12,-0,-0,-0,4496.67,-0,-0
2016-08-16,-0,-0,-0,4476.42,-0,-0
2016-08-17,-0,-0,-0,4466.83,-0,-0
2016-08-18,-0,-0,-0,4499.33,-0,-0
2016-08-19,-0,-0,-0,4486.92,-0,-0
2016-08-22,-0,-0,-0,4449.79,-0,-0
2016-08-23,-0,-0,-0,4458.59,-0,-0
2016-08-24,-0,-0,-0,4464.82,-0,-0
2016-08-25,-0,-0,-0,4437.78,-0,-0
2016-08-26,-0,-0,-0,4431.45,-0,-0
2016-08-29,-0,-0,-0,4439.47,-0,-0
2016-08-30,-0,-0,-0,4516.34,-0,-0
2016-08-31,-0,-0,-0,4545.17,-0,-0
2016-09-01,-0,-0,-0,4541.07,-0,-0
2016-09-02,-0,-0,-0,4566.9,-0,-0
2016-09-06,-0,-0,-0,4656.48,-0,-0
2016-09-07,-0,-0,-0,4656.41,-0,-0
2016-09-08,-0,-0,-0,4668.34,-0,-0
2016-09-09,-0,-0,-0,4616.82,-0,-0
2016-09-12,-0,-0,-0,4514.02,-0,-0
2016-09-14,-0,-0,-0,4515.5,-0,-0
2016-09-15,-0,-0,-0,4519.65,-0,-0
2016-09-16,-0,-0,-0,4548.73,-0,-0
2016-09-19,-0,-0,-0,4564,-0,-0
2016-09-20,-0,-0,-0,4537.23,-0,-0
2016-09-21,-0,-0,-0,4534.96,-0,-0
2016-09-22,-0,-0,-0,4596.56,-0,-0
2016-09-23,-0,-0,-0,4591.22,-0,-0
2016-09-26,-0,-0,-0,4530.89,-0,-0
2016-09-27,-0,-0,-0,4539.04,-0,-0
2016-09-28,-0,-0,-0,4560.25,-0,-0
2016-09-29,-0,-0,-0,4472.99,-0,-0
2016-09-30,-0,-0,-0,4476.12,-0,-0
2016-10-03,-0,-0,-0,4550.74,-0,-0
2016-10-04,-0,-0,-0,4565.36,-0,-0
2016-10-05,-0,-0,-0,4551.29,-0,-0
2016-10-06,-0,-0,-0,4529.13,-0,-0
2016-10-07,-0,-0,-0,4512.4,-0,-0
2016-10-10,-0,-0,-0,4531.92,-0,-0
2016-10-13,-0,-0,-0,4443.96,-0,-0
2016-10-14,-0,-0,-0,4449.11,-0,-0
2016-10-17,-0,-0,-0,4421.1,-0,-0
2016-10-18,-0,-0,-0,4506.29,-0,-0
2016-10-19,-0,-0,-0,4497.35,-0,-0
2016-10-20,-0,-0,-0,4516.46,-0,-0
2016-10-21,-0,-0,-0,4502.84,-0,-0
2016-10-24,-0,-0,-0,4513.21,-0,-0
2016-10-25,-0,-0,-0,4503.04,-0,-0
2016-10-26,-0,-0,-0,4471.39,-0,-0
2016-10-27,-0,-0,-0,4463.12,-0,-0
2016-10-28,-0,-0,-0,4476.85,-0,-0
2016-10-30,-0,-0,-0,4470.48,-0,-0
2016-11-01,-0,-0,-0,4480.32,-0,-0
2016-11-02,-0,-0,-0,4414.37,-0,-0
2016-11-03,-0,-0,-0,4408.22,-0,-0
2016-11-04,-0,-0,-0,4379.82,-0,-0
2016-11-07,-0,-0,-0,4412.15,-0,-0
2016-11-08,-0,-0,-0,4437.8,-0,-0
2016-11-09,-0,-0,-0,4374,-0,-0
2016-11-10,-0,-0,-0,4447.23,-0,-0
2016-11-11,-0,-0,-0,4288.67,-0,-0
2016-11-15,-0,-0,-0,4148.99,-0,-0
2016-11-16,-0,-0,-0,4146.82,-0,-0
2016-11-17,-0,-0,-0,4122.64,-0,-0
2016-11-18,-0,-0,-0,4108.57,-0,-0
2016-11-21,-0,-0,-0,4025.11,-0,-0
2016-11-22,-0,-0,-0,4063.81,-0,-0
2016-11-23,-0,-0,-0,4064.91,-0,-0
2016-11-24,-0,-0,-0,4020.11,-0,-0
2016-11-25,-0,-0,-0,4106.78,-0,-0
2016-11-28,-0,-0,-0,4097.54,-0,-0
2016-11-29,-0,-0,-0,4109.41,-0,-0
2016-11-30,-0,-0,-0,4158.69,-0,-0
2016-12-01,-0,-0,-0,4151.97,-0,-0
2016-12-02,-0,-0,-0,4098.46,-0,-0
2016-12-05,-0,-0,-0,4131.74,-0,-0
2016-12-06,-0,-0,-0,4147.45,-0,-0
2016-12-07,-0,-0,-0,4136.32,-0,-0
2016-12-08,-0,-0,-0,4237.62,-0,-0
2016-12-09,-0,-0,-0,4235.75,-0,-0
2016-12-12,-0,-0,-0,4189.12,-0,-0
2016-12-13,-0,-0,-0,4221.37,-0,-0
2016-12-14,-0,-0,-0,4196.56,-0,-0
2016-12-15,-0,-0,-0,4167.04,-0,-0
2016-12-16,-0,-0,-0,4161.13,-0,-0
2016-12-19,-0,-0,-0,4146.34,-0,-0
2016-12-20,-0,-0,-0,4124.81,-0,-0
2016-12-21,-0,-0,-0,4115.43,-0,-0
2016-12-22,-0,-0,-0,4071,-0,-0
2016-12-23,-0,-0,-0,4074.5,-0,-0
2016-12-26,-0,-0,-0,4039.63,-0,-0
2016-12-27,-0,-0,-0,4093.41,-0,-0
2016-12-28,-0,-0,-0,4080.74,-0,-0
2016-12-29,-0,-0,-0,4121.73,-0,-0
2016-12-30,-0,-0,-0,4173.93,-0,-0
2017-01-02,-0,-0,-0,3103.64,-0,-0
2017-01-03,-0,-0,-0,3146.24,-0,-0
2017-01-04,-0,-0,-0,3166.56,-0,-0
2017-01-05,-0,-0,-0,3196.61,-0,-0
2017-01-06,-0,-0,-0,3184.26,-0,-0
2017-01-09,-0,-0,-0,3201.95,-0,-0
2017-01-10,-0,-0,-0,3233.44,-0,-0
2017-01-11,-0,-0,-0,3268.6,-0,-0
2017-01-12,-0,-0,-0,3265.63,-0,-0
2017-01-13,-0,-0,-0,3266.11,-0,-0
2017-01-16,-0,-0,-0,3296.12,-0,-0
2017-01-17,-0,-0,-0,3301.36,-0,-0
2017-01-18,-0,-0,-0,3338.81,-0,-0
2017-01-19,-0,-0,-0,3339.53,-0,-0
2017-01-20,-0,-0,-0,3261.72,-0,-0
2017-01-23,-0,-0,-0,3278.74,-0,-0
2017-01-24,-0,-0,-0,3300.48,-0,-0
2017-01-25,-0,-0,-0,3336.83,-0,-0
2017-01-27,-0,-0,-0,3368.56,-0,-0
2017-01-30,-0,-0,-0,3368.02,-0,-0
2017-01-31,-0,-0,-0,3320.37,-0,-0
2017-02-01,-0,-0,-0,3399.95,-0,-0
2017-02-02,-0,-0,-0,3431.09,-0,-0
2017-02-03,-0,-0,-0,3495.45,-0,-0
2017-02-06,-0,-0,-0,3517.14,-0,-0
2017-02-07,-0,-0,-0,3508.18,-0,-0
2017-02-08,-0,-0,-0,3537.61,-0,-0
2017-02-09,-0,-0,-0,3548.83,-0,-0
2017-02-10,-0,-0,-0,3550.78,-0,-0
2017-02-13,-0,-0,-0,3511.96,-0,-0
2017-02-14,-0,-0,-0,3485.96,-0,-0
2017-02-15,-0,-0,-0,3419.15,-0,-0
2017-02-16,-0,-0,-0,3472.47,-0,-0
2017-02-17,-0,-0,-0,3501.48,-0,-0
2017-02-20,-0,-0,-0,3530.61,-0,-0
2017-02-21,-0,-0,-0,3562.07,-0,-0
2017-02-22,-0,-0,-0,3530.88,-0,-0
2017-02-23,-0,-0,-0,3537.93,-0,-0
2017-02-27,-0,-0,-0,3535.51,-0,-0
2017-02-28,-0,-0,-0,3587.97,-0,-0
2017-03-01,-0,-0,-0,3599.04,-0,-0
2017-03-02,-0,-0,-0,3533.62,-0,-0
2017-03-03,-0,-0,-0,3545.69,-0,-0
2017-03-06,-0,-0,-0,3568.7,-0,-0
2017-03-07,-0,-0,-0,3559.86,-0,-0
2017-03-08,-0,-0,-0,3534.26,-0,-0
2017-03-09,-0,-0,-0,3534.35,-0,-0
2017-03-10,-0,-0,-0,3528.16,-0,-0
2017-03-14,-0,-0,-0,3597.88,-0,-0
2017-03-15,-0,-0,-0,3629.7,-0,-0
2017-03-16,-0,-0,-0,3668.3,-0,-0
2017-03-17,-0,-0,-0,3652.97,-0,-0
2017-03-20,-0,-0,-0,3674.32,-0,-0
2017-03-21,-0,-0,-0,3677.52,-0,-0
2017-03-22,-0,-0,-0,3633.38,-0,-0
2017-03-23,-0,-0,-0,3687.4,-0,-0
2017-03-24,-0,-0,-0,3711.96,-0,-0
2017-03-27,-0,-0,-0,3705.64,96151768,1393.89
2017-03-28,-0,-0,-0,3735.7,83275089,1314.25
2017-03-29,-0,-0,-0,3752.86,103877530,1489
2017-03-30,-0,-0,-0,3783.95,165908979,1874.7
2017-03-31,-0,-0,-0,3822.79,131852130,2241.36
2017-04-03,-0,-0,-0,3848.62,80345795,1532.33
2017-04-05,-0,-0,-0,3881.19,104969753,1572.32
2017-04-06,-0,-0,-0,3873.58,89929497,1590.6
2017-04-07,-0,-0,-0,3836.11,87008564,1624.62
2017-04-10,-0,-0,-0,3874.57,79289124,1346.6
2017-04-11,-0,-0,-0,3940.73,113850261,1937.25
2017-04-12,-0,-0,-0,3934.97,121766476,1839.59
2017-04-13,-0,-0,-0,3940.12,113499486,1745.99
2017-04-17,-0,-0,-0,3980.17,306560903,4193.93
2017-04-18,-0,-0,-0,3936.28,194784013,3282.01
2017-04-19,-0,-0,-0,3979.8,174940097,2599.16
2017-04-20,-0,-0,-0,4058.74,186446584,2996.56
2017-04-21,-0,-0,-0,4076.04,165000819,2462
2017-04-24,-0,-0,-0,4120.31,184676314,2853.32
2017-04-25,-0,-0,-0,4153.3,115915470,2186.83
2017-04-26,-0,-0,-0,4127.47,159694961,2912
2017-04-27,-0,-0,-0,4135.63,119385845,2229.48
2017-04-28,-0,-0,-0,4145.92,182745563,2595.98
2017-05-02,-0,-0,-0,4172.2,152832353,2540.35
2017-05-03,-0,-0,-0,4179.4,130440311,2363.52
2017-05-04,-0,-0,-0,4200.44,123020624,2005.86
2017-05-05,-0,-0,-0,4154.18,152021599,2649.89
2017-05-08,-0,-0,-0,4207.56,140347173,2362.46
2017-05-09,-0,-0,-0,4244.75,159373216,2347.1
2017-05-10,-0,-0,-0,4283.49,133022183,2546.76
2017-05-11,-0,-0,-0,4279.29,112049554,2124.71
2017-05-12,-0,-0,-0,4238.71,126818074,2111.89
2017-05-15,-0,-0,-0,4283.4,120020681,1811.95
2017-05-16,-0,-0,-0,4317.82,142235395,2233.07
2017-05-17,-0,-0,-0,4300.53,116657327,2594.44
2017-05-18,-0,-0,-0,4185.11,105407939,2288.62
2017-05-19,-0,-0,-0,4145.4,113189070,2120.89
2017-05-22,-0,-0,-0,4070.99,89852557,1654.31
2017-05-23,-0,-0,-0,3982.23,131168296,2205.68
2017-05-24,-0,-0,-0,3877.63,137985913,2263.89
2017-05-25,-0,-0,-0,3996.32,157402529,2721.95
2017-05-26,-0,-0,-0,4077.32,109534427,1949.87
2017-05-29,-0,-0,-0,3980.74,107174558,1822.78
2017-05-30,-0,-0,-0,4004.43,105981718,1773.71
2017-05-31,-0,-0,-0,4069.3,137868020,2396.42
2017-06-01,-0,-0,-0,4116.51,94064990,2052.17
2017-06-02,-0,-0,-0,4145.11,87817823,1814.17
2017-06-05,-0,-0,-0,4180.07,91340392,2040.08
2017-06-06,-0,-0,-0,4136.19,90119748,2244.02
2017-06-07,-0,-0,-0,4178.1,92741591,2062.44
2017-06-08,-0,-0,-0,4181.75,96287576,1865.8
2017-06-09,-0,-0,-0,4207.41,124023984,2106.68
2017-06-12,-0,-0,-0,4188.42,99408696,2109.51
2017-06-13,-0,-0,-0,4194.71,-0,-0
2017-06-14,-0,-0,-0,4220.48,113931104,2180.4
2017-06-15,-0,-0,-0,4238.6,128720879,2363.19
2017-06-16,-0,-0,-0,4264.98,134081654,2838.28
2017-06-19,-0,-0,-0,4262.07,107757724,2391
2017-06-20,-0,-0,-0,4269.87,92628809,2353.21
2017-06-21,-0,-0,-0,4277.51,100609863,2273.25
2017-06-22,-0,-0,-0,4242.77,166043103,3445.32
2017-06-23,-0,-0,-0,4173.21,137982601,2897.07
2017-06-27,-0,-0,-0,4081.23,91768115,1874.74
2017-06-28,-0,-0,-0,4094.33,88206908,1915.8
2017-06-29,-0,-0,-0,4140.93,103987582,2231.18
2017-06-30,-0,-0,-0,4143.79,97918459,2077.69
2017-07-03,-0,-0,-0,4206.03,91798400,2049.05
2017-07-04,-0,-0,-0,4195.9,74519092,1778.82
2017-07-05,-0,-0,-0,4250.84,102113238,2373.84
2017-07-06,-0,-0,-0,4261.64,112019107,2297.61
2017-07-07,-0,-0,-0,4257.54,72134272,1646.83
2017-07-10,-0,-0,-0,4298.06,20302847,412.76
2017-07-11,-0,-0,-0,4254.54,76098524,1796.07
2017-07-12,-0,-0,-0,4295.12,80909354,1763.64
2017-07-13,-0,-0,-0,4322.14,91216631,2147.2
2017-07-14,-0,-0,-0,4302.45,69129647,1498.98
2017-07-17,-0,-0,-0,4309.26,79977946,1679.57
2017-07-18,-0,-0,-0,4271.5,85790328,1890.79
2017-07-19,-0,-0,-0,4313.8,90971709,2043.14
2017-07-20,-0,-0,-0,4311.56,83860112,2029.42
2017-07-21,-0,-0,-0,4301.19,110290417,2017.28
2017-07-24,-0,-0,-0,4318.74,103022726,2244.56
2017-07-25,-0,-0,-0,4338.79,78744271,1835.75
2017-07-26,-0,-0,-0,4358.32,97839376,2106.72
2017-07-27,-0,-0,-0,4334.32,164910123,3960.74
2017-07-28,-0,-0,-0,4332.75,97224191,2266.58
2017-07-31,-0,-0,-0,4342.1,89159550,1985.67
2017-08-01,-0,-0,-0,4353.08,72021267,1987.54
2017-08-02,-0,-0,-0,4342.19,115679507,2575.45
2017-08-03,-0,-0,-0,4295.92,88487080,2132.12
2017-08-04,-0,-0,-0,4300.27,138511894,3077.39
2017-08-07,-0,-0,-0,4333.03,124127240,2714.44
2017-08-08,-0,-0,-0,4241.07,167642269,2899.7
2017-08-09,-0,-0,-0,4171.24,281974000,3105.18
2017-08-10,-0,-0,-0,3981.25,168755463,3001.14
2017-08-11,-0,-0,-0,3987.88,164650203,2780.94
2017-08-14,-0,-0,-0,4088.39,123877699,2157.53
2017-08-16,-0,-0,-0,4144.07,95457089,2030.14
2017-08-17,-0,-0,-0,4178.46,97410385,2512.39
2017-08-18,-0,-0,-0,4158.77,87843799,2269.39
2017-08-21,-0,-0,-0,4075.43,67159009,1627.12
2017-08-22,-0,-0,-0,4042.38,76741699,1784.83
2017-08-23,-0,-0,-0,4119.44,91745487,1859.18
2017-08-24,-0,-0,-0,4116.88,78829312,1470.74
2017-08-28,-0,-0,-0,4179.14,72143334,1360.68
2017-08-29,-0,-0,-0,4116.94,81264360,1762.98
2017-08-30,-0,-0,-0,4186.96,83071356,2003.74
2017-08-31,-0,-0,-0,4243.04,147249488,3000.82
2017-09-01,-0,-0,-0,4297.13,119634598,2793.46
2017-09-04,-0,-0,-0,4271.16,87460655,2192.46
2017-09-05,-0,-0,-0,4336.32,118809589,2257.37
2017-09-06,-0,-0,-0,4353.02,115614015,2159.08
2017-09-07,-0,-0,-0,4378.53,110485226,2226.35
2017-09-08,-0,-0,-0,4354.7,92019702,1842.99
2017-09-11,-0,-0,-0,4358.15,71613350,1525.83
2017-09-12,-0,-0,-0,4394.03,89025863,1947.12
2017-09-13,-0,-0,-0,4360.26,88541735,1985.74
2017-09-14,-0,-0,-0,4374.39,81086326,1574.85
2017-09-15,-0,-0,-0,4371.25,128994876,2173.35
2017-09-18,-0,-0,-0,4408.34,135502562,2758.87
2017-09-19,-0,-0,-0,4439.61,138561834,2907.01
2017-09-20,-0,-0,-0,4413.14,98036036,1677.86
2017-09-21,-0,-0,-0,4355.06,85938290,1656.35
2017-09-22,-0,-0,-0,4190.6,98586581,1869.42
2017-09-25,-0,-0,-0,4072.03,154561798,2558.77
2017-09-26,-0,-0,-0,4118.33,108018522,1900.76
2017-09-27,-0,-0,-0,4015.62,95815126,1754.78
2017-09-28,-0,-0,-0,4045.65,102208510,1973.5
2017-09-29,-0,-0,-0,4115.69,129639197,2290.23
2017-10-03,-0,-0,-0,4142.43,95139708,1794.12
2017-10-04,-0,-0,-0,4179.74,121560031,2010.87
2017-10-05,-0,-0,-0,4228.25,110783696,2231.19
2017-10-06,-0,-0,-0,4274.7,153723556,2387.15
2017-10-09,-0,-0,-0,4307.8,135288389,2179.58
2017-10-10,-0,-0,-0,4342.69,193314483,2487.7
2017-10-11,-0,-0,-0,4285.54,235366008,2957.01
2017-10-12,-0,-0,-0,4349.95,150826065,2481.61
2017-10-13,-0,-0,-0,4373.42,161820268,2433.28
2017-10-16,-0,-0,-0,4359.45,128236789,2076.17
2017-10-17,-0,-0,-0,4398.03,118931343,2472.72
2017-10-18,-0,-0,-0,4399.9,117344201,2068.63
2017-10-19,-0,-0,-0,4380.34,37471599,705.86
2017-10-23,-0,-0,-0,4398.03,117150487,2005.87
2017-10-24,-0,-0,-0,4436.47,187417731,3063.93
2017-10-25,-0,-0,-0,4436.2,277232942,3431
2017-10-26,-0,-0,-0,4468.6,257709300,3534.86
2017-10-27,-0,-0,-0,4472.87,154294498,2444.42
2017-10-30,-0,-0,-0,4513.53,133396161,2352.45
2017-10-31,-0,-0,-0,4532.89,131744218,2510.18
2017-11-01,-0,-0,-0,4582.12,225021800,3672.33
2017-11-02,-0,-0,-0,4589.05,204152798,2954.06
2017-11-03,-0,-0,-0,4618.79,187418840,3039.69
2017-11-06,-0,-0,-0,4629.39,200867796,3211.41
2017-11-07,-0,-0,-0,4552.07,214176577,3372.23
2017-11-08,-0,-0,-0,4483.6,161914726,2774.63
2017-11-09,-0,-0,-0,4496.55,161976993,2789.41
2017-11-10,-0,-0,-0,4482.4,129691243,2402.78
2017-11-13,-0,-0,-0,4431.16,122790386,2261.59
2017-11-14,-0,-0,-0,4422.95,127301939,2552.06
2017-11-15,-0,-0,-0,4344.86,126380078,2636.25
2017-11-16,-0,-0,-0,4395.7,153738272,2327.26
2017-11-17,-0,-0,-0,4429.92,160314246,2419.81
2017-11-20,-0,-0,-0,4477.45,141753225,2320.53
2017-11-21,-0,-0,-0,4471.19,133496206,2665.32
2017-11-22,-0,-0,-0,4468.25,132979826,2486.81
2017-11-23,-0,-0,-0,4493.06,130476778,2546.88
2017-11-24,-0,-0,-0,4508.83,133314893,2313.19
2017-11-27,-0,-0,-0,4544.22,121090549,2223.99
2017-11-28,-0,-0,-0,4542.43,179947019,2722.18
2017-11-29,-0,-0,-0,4532.17,152987730,2410.59
2017-11-30,-0,-0,-0,4529.23,238588274,3940.37
2017-12-01,-0,-0,-0,4433.14,133267653,2384.26
2017-12-04,-0,-0,-0,4395.11,103265394,1638.26
2017-12-05,-0,-0,-0,4384.5,100668455,1896.67
2017-12-06,-0,-0,-0,4347.68,112571118,2036.58
2017-12-07,-0,-0,-0,4423.29,109815578,2170.3
2017-12-08,-0,-0,-0,4500.46,170438032,2722.19
2017-12-11,-0,-0,-0,4489.51,108194664,1919.54
2017-12-12,-0,-0,-0,4433.64,83721365,1487.74
2017-12-13,-0,-0,-0,4378.87,101655365,1716.4
2017-12-14,-0,-0,-0,4371.34,107458326,1862.77
2017-12-15,-0,-0,-0,4454.43,129007018,2436.05
2017-12-18,-0,-0,-0,4462.09,151156771,2573.87
2017-12-19,-0,-0,-0,4556.37,135879269,2642.97
2017-12-20,-0,-0,-0,4611.49,199549304,3249.7
2017-12-21,-0,-0,-0,4684.47,249990677,2808.88
2017-12-22,-0,-0,-0,4710.09,224440292,2992.81
2017-12-26,-0,-0,-0,4744.86,148865161,3006.85
2017-12-27,-0,-0,-0,4710.26,158696748,2496.25
2017-12-28,-0,-0,-0,4709.86,189422070,2632.41
2017-12-29,-0,-0,-0,4731.14,353006534,4452.75
2018-01-01,-0,-0,-0,     5665.15,-0,-0
2018-01-02,-0,-0,-0,     5702.78,-0,-0
2018-01-03,-0,-0,-0,     5694.96,-0,-0
2018-01-04,-0,-0,-0,     5741.53,-0,-0
2018-01-05,-0,-0,-0,     5773.81,-0,-0
2018-01-08,-0,-0,-0,     5806.80,-0,-0
2018-01-09,-0,-0,-0,     5787.09,-0,-0
2018-01-10,-0,-0,-0,     5791.97,-0,-0
2018-01-11,-0,-0,-0,     5797.19,-0,-0
2018-01-12,-0,-0,-0,     5816.97,-0,-0
2018-01-15,-0,-0,-0,     5865.37,-0,-0
2018-01-16,-0,-0,-0,     5789.23,-0,-0
2018-01-17,-0,-0,-0,     5853.67,-0,-0
2018-01-18,-0,-0,-0,     5871.17,-0,-0
2018-01-19,-0,-0,-0,5918.33,-0,-0
2018-01-22,-0,-0,-0,     5951.23,-0,-0
2018-01-23,-0,-0,-0,     6020.07,-0,-0
2018-01-24,-0,-0,-0,     6032.78,-0,-0
2018-01-25,-0,-0,-0,     6032.52,-0,-0
2018-01-29,-0,-0,-0,     6069.82,-0,-0
2018-01-30,-0,-0,-0,     6016.42,-0,-0
2018-01-31,-0,-0,-0,     6007.65,-0,-0
2018-02-01,-0,-0,-0,     5978.88,-0,-0
2018-02-02,-0,-0,-0,     5819.60,-0,-0
2018-02-05,-0,-0,-0,     5770.20,-0,-0
2018-02-06,-0,-0,-0,     5666.21,-0,-0
2018-02-07,-0,-0,-0,     5647.23,-0,-0
2018-02-08,-0,-0,-0,     5702.75,-0,-0
2018-02-09,-0,-0,-0,     5623.14,-0,-0
2018-02-12,-0,-0,-0,     5677.57,-0,-0
2018-02-14,-0,-0,-0,     5678.94,-0,-0
2018-02-15,-0,-0,-0,     5715.32,-0,-0
2018-02-16,-0,-0,-0,     5643.08,-0,-0
2018-02-19,-0,-0,-0,     5603.16,-0,-0
2018-02-20,-0,-0,-0,     5540.57,-0,-0
2018-02-21,-0,-0,-0,     5564.37,-0,-0
2018-02-22,-0,-0,-0,     5533.93,-0,-0
2018-02-23,-0,-0,-0,     5617.60,-0,-0
2018-02-26,-0,-0,-0,     5667.05,-0,-0
2018-02-27,-0,-0,-0,     5637.19,-0,-0
2018-02-28,-0,-0,-0,     5580.94,-0,-0
2018-03-01,-0,-0,-0,     5555.88,-0,-0
2018-03-05,-0,-0,-0,     5511.99,-0,-0
2018-03-06,-0,-0,-0,     5456.92,-0,-0
2018-03-07,-0,-0,-0,     5422.56,-0,-0
2018-03-08,-0,-0,-0,     5452.77,-0,-0
2018-03-09,-0,-0,-0,     5438.31,-0,-0
2018-03-12,-0,-0,-0,     5553.04,-0,-0
2018-03-13,-0,-0,-0,     5568.81,-0,-0
2018-03-14,-0,-0,-0,     5563.08,-0,-0
2018-03-15,-0,-0,-0,     5529.99,-0,-0
2018-03-16,-0,-0,-0,     5436.47,-0,-0
2018-03-19,-0,-0,-0,     5372.01,-0,-0
2018-03-20,-0,-0,-0,     5380.41,-0,-0
2018-03-21,-0,-0,-0,     5396.09,-0,-0
2018-03-22,-0,-0,-0,     5381.59,-0,-0
2018-03-23,-0,-0,-0,     5327.67,-0,-0
2018-03-26,-0,-0,-0,     5410.67,-0,-0
2018-03-27,-0,-0,-0,     5432.68,-0,-0
2018-03-28,-0,-0,-0,     5373.05,-0,-0
2018-04-02,-0,-0,-0,5425.18,-0,-0
2018-04-03,-0,-0,-0,     5458.93,-0,-0
2018-04-04,-0,-0,-0,     5385.55,-0,-0
2018-04-05,-0,-0,-0,     5503.89,-0,-0
2018-04-06,-0,-0,-0,     5508.89,-0,-0
2018-04-09,-0,-0,-0,     5532.46,-0,-0
2018-04-10,-0,-0,-0,     5544.66,-0,-0
2018-04-11,-0,-0,-0,     5534.67,-0,-0
2018-04-12,-0,-0,-0,     5549.85,-0,-0
2018-04-13,-0,-0,-0,     5568.33,-0,-0
2018-04-16,-0,-0,-0,     5572.56,-0,-0
2018-04-17,-0,-0,-0,     5566.33,-0,-0
2018-04-18,-0,-0,-0,     5558.14,-0,-0
2018-04-19,-0,-0,-0,     5568.08,-0,-0
2018-04-20,-0,-0,-0,     5543.08,-0,-0
2018-04-23,-0,-0,-0,5518.81,-0,-0
2018-04-24,-0,-0,-0,     5542.83,-0,-0
2018-04-25,-0,-0,-0,     5477.54,-0,-0
2018-04-26,-0,-0,-0,     5510.88,-0,-0
2018-04-27,-0,-0,-0,     5551.22,-0,-0
2018-04-30,-0,-0,-0,     5575.64,-0,-0
2018-05-02,-0,-0,-0,     5570.64,-0,-0
2018-05-03,-0,-0,-0,     5555.48,-0,-0
2018-05-04,-0,-0,-0,     5500.11,-0,-0
2018-05-07,-0,-0,-0,     5527.53,-0,-0
2018-05-08,-0,-0,-0,     5535.75,-0,-0
2018-05-09,-0,-0,-0,     5531.58,-0,-0
2018-05-10,-0,-0,-0,5518.32,-0,-0
2018-05-11,-0,-0,-0,     5564.45,-0,-0
2018-05-14,-0,-0,-0,     5540.12,-0,-0
2018-05-15,-0,-0,-0,     5504.79,-0,-0
2018-05-16,-0,-0,-0,     5487.25,-0,-0
2018-05-17,-0,-0,-0,     5467.98,-0,-0
2018-05-18,-0,-0,-0,     5397.00,-0,-0
2018-05-21,-0,-0,-0,     5349.25,-0,-0
2018-05-22,-0,-0,-0,     5363.94,-0,-0
2018-05-23,-0,-0,-0,     5283.79,-0,-0
2018-05-24,-0,-0,-0,     5331.94,-0,-0
2018-05-25,-0,-0,-0,     5420.40,-0,-0
2018-05-28,-0,-0,-0,     5496.92,-0,-0
2018-05-29,-0,-0,-0,     5426.37,-0,-0
2018-05-30,-0,-0,-0,     5450.10,-0,-0
2018-05-31,-0,-0,-0,     5512.65,-0,-0
2018-06-01,-0,-0,-0,     5524.48,-0,-0
2018-06-04,-0,-0,-0,     5484.61,-0,-0
2018-06-05,-0,-0,-0,     5463.92,-0,-0
2018-06-06,-0,-0,-0,     5528.19,-0,-0
2018-06-07,-0,-0,-0,     5560.49,-0,-0
2018-06-08,-0,-0,-0,     5512.69,-0,-0
2018-06-11,-0,-0,-0,     5543.66,-0,-0
2018-06-12,-0,-0,-0,     5567.24,-0,-0
2018-06-13,-0,-0,-0,     5561.88,-0,-0
2018-06-14,-0,-0,-0,     5533.98,-0,-0
2018-06-15,-0,-0,-0,     5512.67,-0,-0
2018-06-18,-0,-0,-0,     5499.93,-0,-0
2018-06-19,-0,-0,-0,     5434.63,-0,-0
2018-06-20,-0,-0,-0,     5482.14,-0,-0
2018-06-21,-0,-0,-0,     5466.79,-0,-0
2018-06-22,-0,-0,-0,5527.18,-0,-0
2018-06-25,-0,-0,-0,     5471.84,-0,-0
2018-06-26,-0,-0,-0,     5473.22,-0,-0
2018-06-27,-0,-0,-0,     5389.45,-0,-0
2018-06-28,-0,-0,-0,     5338.57,-0,-0
2018-06-29,-0,-0,-0,5418.53,-0,-0
2018-07-02,-0,-0,-0,     5372.16,-0,-0
2018-07-03,-0,-0,-0,     5404.16,-0,-0
2018-07-04,-0,-0,-0,     5428.43,-0,-0
2018-07-05,-0,-0,-0,     5401.85,-0,-0
2018-07-06,-0,-0,-0,     5417.56,-0,-0
2018-07-09,-0,-0,-0,     5470.05,-0,-0
2018-07-10,-0,-0,-0,     5511.41,-0,-0
2018-07-11,-0,-0,-0,     5512.72,-0,-0
2018-07-12,-0,-0,-0,     5572.71,-0,-0
2018-07-13,-0,-0,-0,     5576.23,-0,-0
2018-07-16,-0,-0,-0,     5521.11,-0,-0
2018-07-17,-0,-0,-0,     5573.20,-0,-0
2018-07-18,-0,-0,-0,     5543.52,-0,-0
2018-07-19,-0,-0,-0,     5502.36,-0,-0
2018-07-20,-0,-0,-0,     5535.86,-0,-0
2018-07-23,-0,-0,-0,     5580.42,-0,-0
2018-07-24,-0,-0,-0,     5602.52,-0,-0
2018-07-25,-0,-0,-0,     5611.35,-0,-0
2018-07-26,-0,-0,-0,     5633.84,-0,-0
2018-07-30,-0,-0,-0,     5712.42,-0,-0
2018-07-31,-0,-0,-0,     5737.34,-0,-0
2018-08-01,-0,-0,-0,     5743.03,-0,-0
2018-08-02,-0,-0,-0,     5674.76,-0,-0
2018-08-03,-0,-0,-0,     5723.87,-0,-0
2018-08-06,-0,-0,-0,     5732.01,-0,-0
2018-08-07,-0,-0,-0,     5747.39,-0,-0
2018-08-08,-0,-0,-0,     5779.43,-0,-0
2018-08-09,-0,-0,-0,     5788.66,-0,-0
2018-08-10,-0,-0,-0,     5750.63,-0,-0
2018-08-13,-0,-0,-0,     5633.58,-0,-0
2018-08-14,-0,-0,-0,     5670.50,-0,-0
2018-08-16,-0,-0,-0,     5611.85,-0,-0
2018-08-17,-0,-0,-0,     5654.10,-0,-0
2018-08-20,-0,-0,-0,     5733.28,-0,-0
2018-08-21,-0,-0,-0,     5740.72,-0,-0
2018-08-23,-0,-0,-0,     5723.65,-0,-0
2018-08-24,-0,-0,-0,     5724.05,-0,-0
2018-08-27,-0,-0,-0,     5774.72,-0,-0
2018-08-28,-0,-0,-0,     5797.83,-0,-0
2018-08-29,-0,-0,-0,     5739.92,-0,-0
2018-08-30,-0,-0,-0,     5715.81,-0,-0
2018-08-31,-0,-0,-0,     5706.34,-0,-0
2018-09-03,-0,-0,-0,     5647.14,-0,-0
2018-09-04,-0,-0,-0,     5585.06,-0,-0
2018-09-05,-0,-0,-0,     5548.51,-0,-0
2018-09-06,-0,-0,-0,5559.18,-0,-0
2018-09-07,-0,-0,-0,     5602.55,-0,-0
2018-09-10,-0,-0,-0,     5473.41,-0,-0
2018-09-11,-0,-0,-0,     5380.37,-0,-0
2018-09-12,-0,-0,-0,     5458.21,-0,-0
2018-09-14,-0,-0,-0,     5554.02,-0,-0
2018-09-17,-0,-0,-0,     5442.66,-0,-0
2018-09-18,-0,-0,-0,     5373.49,-0,-0
2018-09-19,-0,-0,-0,     5367.38,-0,-0
2018-09-21,-0,-0,-0,     5356.30,-0,-0
2018-09-24,-0,-0,-0,     5235.52,-0,-0
2018-09-25,-0,-0,-0,     5278.57,-0,-0
2018-09-26,-0,-0,-0,     5278.95,-0,-0
2018-09-27,-0,-0,-0,     5240.38,-0,-0
2018-09-28,-0,-0,-0,     5224.72,-0,-0
2018-10-01,-0,-0,-0,     5234.86,-0,-0
2018-10-03,-0,-0,-0,     5137.23,-0,-0
2018-10-04,-0,-0,-0,     4983.90,-0,-0
2018-10-05,-0,-0,-0,     4840.34,-0,-0
2018-10-08,-0,-0,-0,     4841.89,-0,-0
2018-10-09,-0,-0,-0,     4799.80,-0,-0
2018-10-10,-0,-0,-0,     4886.32,-0,-0
2018-10-11,-0,-0,-0,     4785.85,-0,-0
2018-10-12,-0,-0,-0,     4928.15,-0,-0
2018-10-15,-0,-0,-0,     4933.57,-0,-0
2018-10-16,-0,-0,-0,     4983.52,-0,-0
2018-10-17,-0,-0,-0,     4919.49,-0,-0
2018-10-19,-0,-0,-0,     4863.42,-0,-0
2018-10-22,-0,-0,-0,     4832.21,-0,-0
2018-10-23,-0,-0,-0,     4779.82,-0,-0
2018-10-24,-0,-0,-0,     4839.32,-0,-0
2018-10-25,-0,-0,-0,     4790.28,-0,-0
2018-10-26,-0,-0,-0,     4736.96,-0,-0
2018-10-29,-0,-0,-0,     4833.53,-0,-0
2018-10-30,-0,-0,-0,     4795.27,-0,-0
2018-10-31,-0,-0,-0,     4867.07,-0,-0
2018-11-01,-0,-0,-0,     4891.15,-0,-0
2018-11-02,-0,-0,-0,     5043.86,-0,-0
2018-11-05,-0,-0,-0,     4987.10,-0,-0
2018-11-06,-0,-0,-0,     4994.03,-0,-0
2018-11-07,-0,-0,-0,     5026.47,-0,-0
2018-11-09,-0,-0,-0,     5060.38,-0,-0
2018-11-12,-0,-0,-0,     4980.36,-0,-0
2018-11-13,-0,-0,-0,     5046.57,-0,-0
2018-11-14,-0,-0,-0,     5068.47,-0,-0
2018-11-15,-0,-0,-0,     5110.71,-0,-0
2018-11-16,-0,-0,-0,     5151.91,-0,-0
2018-11-19,-0,-0,-0,     5209.01,-0,-0
2018-11-20,-0,-0,-0,     5165.25,-0,-0
2018-11-21,-0,-0,-0,     5138.03,-0,-0
2018-11-22,-0,-0,-0,     5142.07,-0,-0
2018-11-26,-0,-0,-0,     5200.61,-0,-0
2018-11-27,-0,-0,-0,     5231.35,-0,-0
2018-11-28,-0,-0,-0,     5262.66,-0,-0
2018-11-29,-0,-0,-0,     5387.75,-0,-0
2018-11-30,-0,-0,-0,     5407.55,-0,-0
2018-12-03,-0,-0,-0,     5358.94,-0,-0
2018-12-04,-0,-0,-0,     5338.92,-0,-0
2018-12-05,-0,-0,-0,     5297.05,-0,-0
2018-12-06,-0,-0,-0,5185.07,-0,-0
2018-12-07,-0,-0,-0,     5235.97,-0,-0
2018-12-10,-0,-0,-0,     5090.33,-0,-0
2018-12-11,-0,-0,-0,     5087.11,-0,-0
2018-12-12,-0,-0,-0,     5170.07,-0,-0
2018-12-13,-0,-0,-0,     5216.25,-0,-0
2018-12-14,-0,-0,-0,     5209.86,-0,-0
2018-12-17,-0,-0,-0,     5270.77,-0,-0
2018-12-18,-0,-0,-0,     5336.25,-0,-0
2018-12-19,-0,-0,-0,     5397.59,-0,-0
2018-12-20,-0,-0,-0,     5431.17,-0,-0
2018-12-21,-0,-0,-0,     5323.60,-0,-0
2018-12-24,-0,-0,-0,     5268.66,-0,-0
2018-12-26,-0,-0,-0,     5300.85,-0,-0
2018-12-27,-0,-0,-0,     5309.74,-0,-0
2018-12-28,-0,-0,-0,     5371.44,-0,-0
2018-12-31,-0,-0,-0,     5391.21,-0,-0
