Date,Open,High,Low,Close,Shares Traded,Turnover (Rs. Cr)
2013-01-01,12549.95,12663.5,12547.15,12654.15,14463771,1251.21
2013-01-02,12748.85,12811.45,12748.85,12786.85,19173502,1576.19
2013-01-03,12828.3,12837.8,12722.45,12778.15,15299267,1400.81
2013-01-04,12774.8,12801.7,12684.65,12787.35,14247498,1308.19
2013-01-07,12837.45,12837.45,12682.8,12708.7,15376488,1211.38
2013-01-08,12693.6,12743.95,12632.35,12725.5,16161747,1374.07
2013-01-09,12724.4,12791.7,12687.95,12718,20803137,1925.61
2013-01-10,12775.25,12822.8,12697.75,12802.25,17945198,1631.5
2013-01-11,12832.45,12834.55,12582.65,12617.85,16288008,1341.71
2013-01-14,12622.05,12773.35,12609.9,12758.75,18865385,1632.15
2013-01-15,12766.55,12908.2,12718.4,12855.4,22098913,1939.92
2013-01-16,12836.2,12836.2,12616.2,12638.5,23353202,1930.87
2013-01-17,12608.85,12714.6,12583.35,12649.6,18933829,1600.01
2013-01-18,12688.15,12778.35,12624.4,12680,22876791,1936.52
2013-01-21,12678,12690.4,12608.5,12651.35,13806896,1152.43
2013-01-22,12640.4,12748.95,12544.4,12574.35,17986055,1433.6
2013-01-23,12635.25,12695.95,12509.45,12635.2,14130436,1228.06
2013-01-24,12624.45,12662.85,12534.25,12561.4,17182091,1548.47
2013-01-25,12575.85,12717.9,12535.75,12693.25,17898549,1439.25
2013-01-28,12705.8,12822.05,12698.85,12781.35,22657045,2015.04
2013-01-29,12804.4,12960.65,12685.9,12722.8,43090691,4329.26
2013-01-30,12754.85,12825.65,12726.65,12767.5,25435210,2522.62
2013-01-31,12741.3,12852.5,12688.75,12708.6,41354110,3454.89
2013-02-01,12718.55,12743.2,12580.85,12606.25,20519284,1705.22
2013-02-04,12656.85,12723.3,12515.35,12548.35,23395065,2099.62
2013-02-05,12426.45,12501.5,12415.15,12467.75,18651379,1709.03
2013-02-06,12525.4,12525.4,12396.8,12417.7,16879575,1417.76
2013-02-07,12372.5,12474.5,12305.45,12349.3,16832786,1504.15
2013-02-08,12341.45,12389.8,12245.95,12280.15,22965236,1900.21
2013-02-11,12298.1,12361.1,12273.65,12333,20471045,2006.2
2013-02-12,12331.4,12415.8,12301.65,12405.25,16994498,1515.33
2013-02-13,12424.95,12485.95,12361.9,12385.1,17581132,1717.31
2013-02-14,12400.65,12434,12284.5,12311.3,22406606,2618.61
2013-02-15,12284.45,12373.15,12256.8,12336.55,14358193,1401.35
2013-02-18,12353,12399.85,12329.35,12347.2,11671784,1135.81
2013-02-19,12347.55,12426.9,12303.7,12413.65,9960467,914.17
2013-02-20,12460.4,12470.7,12351.7,12363.7,10674764,1008.49
2013-02-21,12295.15,12301.25,12036.45,12055.5,16289435,1542.79
2013-02-22,12024.4,12139.65,12024.4,12068.95,13752598,1248.15
2013-02-25,12119.95,12137.85,11961.5,12037.3,13701707,1253.97
2013-02-26,11995,11995,11808.8,11844.85,13359058,1182.38
2013-02-27,11882.7,11971.35,11838.35,11930.5,18069301,1456.56
2013-02-28,12007,12041.45,11401.2,11487.35,39740515,3594.65
2013-03-01,11533.05,11592.55,11458.7,11540.05,24522445,2026.68
2013-03-04,11515.4,11602.5,11453.1,11575.6,18066252,1492.47
2013-03-05,11642.8,11814.05,11623.65,11792.05,19445089,1624.56
2013-03-06,11871.55,11904.15,11822.35,11876.2,18382872,1651.58
2013-03-07,11829.2,11989.85,11819.6,11970.25,13249458,1088.9
2013-03-08,12008.8,12219.45,12008.8,12197.25,17634980,1516.26
2013-03-11,12221.5,12241.3,12130.25,12165.4,15993891,1416.79
2013-03-12,12150.7,12183.5,11970.9,12054.5,14228530,1321.09
2013-03-13,11989.55,11989.55,11754.3,11777.5,13076952,1309.71
2013-03-14,11772.45,12058.55,11555.45,12020.75,29589366,2818.97
2013-03-15,11972.75,12034.95,11749.85,11816.55,24765510,2317.28
2013-03-18,11679.35,11810.4,11625.6,11735.5,18870261,1603.56
2013-03-19,11796.2,11814.75,11416.75,11508.05,29131782,2691.07
2013-03-20,11491.8,11491.8,11231.75,11254.85,19888236,1651.12
2013-03-21,11285.65,11512.1,11209.65,11238.35,27651331,2352.8
2013-03-22,11275.45,11331.2,11173.35,11204.05,24270944,1857.84
2013-03-25,11327.4,11372.8,11097.95,11125.65,21007738,1703.75
2013-03-26,11067.35,11198.45,11048.4,11163.45,17353676,1344.57
2013-03-28,11188.95,11413.25,11080.05,11361.85,26155709,1977.85
2013-04-01,11414.95,11460.6,11330.85,11425.55,11678537,925.5
2013-04-02,11430.85,11548.05,11361.15,11523.4,14137032,1075.92
2013-04-03,11512.75,11590.6,11283.4,11344.1,18106112,1535.92
2013-04-04,11243.2,11254.25,11105.1,11126.25,17806888,1354.59
2013-04-05,11120.15,11168.25,11021.4,11098.95,19214638,1546.91
2013-04-08,11075.85,11133.85,11002.1,11012.65,14363229,1045.16
2013-04-09,11085.8,11210.35,10897.15,10929.15,19808530,1547.93
2013-04-10,11009.45,11143.6,10888.75,11122.25,21977363,1698.54
2013-04-11,11220.5,11341.85,11154.05,11306.5,25146062,1998.53
2013-04-12,11239.15,11442.9,11236.05,11410.1,18205635,1438.93
2013-04-15,11357.95,11643.3,11334.75,11526.25,21163881,1669.33
2013-04-16,11517.9,11906.25,11515.3,11871.6,22700010,1895
2013-04-17,11924.7,12112.25,11913.95,11981.05,26760743,2227.18
2013-04-18,11902.55,12313,11891.95,12288.25,24912765,2030.97
2013-04-22,12317.4,12637.95,12317.4,12576.2,25782479,2093.52
2013-04-23,12601.05,12605.7,12333,12543.4,22118453,1927.04
2013-04-25,12632.25,12755.8,12611.5,12726.85,31048894,2858.39
2013-04-26,12679.3,12679.9,12470,12533.15,19407513,1857.22
2013-04-29,12560.35,12661.25,12508.4,12609.15,16867722,1370.75
2013-04-30,12638,12658.6,12402.15,12561.55,17325846,1530.86
2013-05-02,12554.7,12783.3,12552.85,12709.95,21532480,1886.18
2013-05-03,12678.9,12678.9,12364.7,12393.6,25114206,2365.58
2013-05-06,12358.35,12436,12188.3,12396.4,15277090,1395.7
2013-05-07,12404.55,12649.45,12404.55,12631.5,16629627,1441.77
2013-05-08,12662.1,12694.4,12514.7,12643.05,14575548,1271.75
2013-05-09,12663.75,12718.9,12541.8,12596.3,27927009,2207.05
2013-05-10,12580.4,12783.05,12580.4,12752.3,19212360,1635.25
2013-05-11,12730.35,12811.25,12730.35,12780.15,1303016,100.13
2013-05-13,12760.45,12865.35,12546.25,12568.85,19718342,1589.21
2013-05-14,12567.55,12698.35,12516.1,12583.6,13920967,1324.16
2013-05-15,12646.35,13099.35,12646.35,13077.9,27195970,2375.73
2013-05-16,13022.25,13281.8,13022.25,13239.45,21488886,1902.89
2013-05-17,13227.8,13355.1,13116.85,13317.1,18091089,1636.4
2013-05-20,13332.7,13414.3,13150.3,13181.5,15518644,1546.59
2013-05-21,13182.2,13268.25,13038,13066.5,15732230,1472.13
2013-05-22,13105.1,13175.65,12932.2,13008.25,14204492,1298.14
2013-05-23,12907.9,12944,12594.9,12636.5,23749398,2880.02
2013-05-24,12756.35,12828.6,12582.5,12769.35,16871079,1853.48
2013-05-27,12751.5,13014.75,12735.05,12961.55,16714040,1558.69
2013-05-28,12951.4,13016.45,12872.9,12950,14080206,1409.24
2013-05-29,12931.35,12931.35,12773.4,12853.2,12196863,1124.83
2013-05-30,12738.15,12829.55,12721.45,12805.9,24654363,2358.32
2013-05-31,12734.3,12760.45,12453.15,12475.65,20470180,1760.85
2013-06-03,12453.4,12499.85,12323.6,12402.1,14657950,1351.56
2013-06-04,12401.7,12520.55,12252.4,12275.1,12693329,1223.82
2013-06-05,12252.05,12347.3,12196.75,12289.35,14839954,1409.2
2013-06-06,12225.35,12475.05,12184.05,12398.4,15573395,1412.26
2013-06-07,12347.55,12488.6,12209.25,12231.5,16644927,1606.5
2013-06-10,12292.65,12363.8,12017.9,12087.05,13702368,1222.02
2013-06-11,12007.75,12031.9,11795.45,11820.5,22478487,2100.41
2013-06-12,11791.1,11899.05,11732.35,11814.85,20252767,1972.97
2013-06-13,11693.9,11793.3,11656.9,11686.75,15788039,1407.23
2013-06-14,11827.35,11947.35,11803.8,11922.85,19466747,1648.31
2013-06-17,11928.3,11992.95,11735.25,11971.05,18764513,1659.23
2013-06-18,11946.2,11950.95,11795.2,11820.95,15617409,1281.03
2013-06-19,11798.65,11867.2,11738.7,11852.65,13690983,1141.88
2013-06-20,11677.35,11677.35,11347.55,11375.4,23903329,1993.26
2013-06-21,11323.35,11420.25,11210.75,11340.15,27180620,2117.78
2013-06-24,11272.2,11275.4,11134.2,11178.3,19857990,1630.29
2013-06-25,11213.1,11325.5,11107.8,11181.05,29636216,2429.99
2013-06-26,11211,11261.65,11033.75,11066.55,20644791,1708.26
2013-06-27,11225.5,11277.05,11164.75,11235.75,27443073,2214.12
2013-06-28,11367.2,11654.7,11367.2,11617.25,25527065,1897.58
2013-07-01,11597.45,11733.1,11597.45,11714.9,15760165,1215.61
2013-07-02,11703.95,11752.9,11590.5,11614.25,16195026,1294.27
2013-07-03,11500.3,11505.75,11322.8,11357.8,20685004,1634.42
2013-07-04,11389.65,11454.3,11273.6,11381.2,24263969,1819.13
2013-07-05,11485.85,11530.65,11418,11434.3,15515391,1245.65
2013-07-08,11328.2,11328.2,11176.65,11283.3,17371280,1384.11
2013-07-09,11365.2,11458.3,11353.05,11442.45,17127320,1437.64
2013-07-10,11477.55,11540.9,11317.2,11364.45,16540187,1297.64
2013-07-11,11541.95,11710.45,11541.95,11655.3,16770622,1271.29
2013-07-12,11733.05,11743.25,11589.45,11722.8,16006244,1214.83
2013-07-15,11678.9,11811.9,11621.75,11790.25,16069280,1312.12
2013-07-16,11459.4,11459.4,11209.75,11226.15,34536971,2536.05
2013-07-17,11264,11264,10829.75,10971.6,42534445,2807.46
2013-07-18,11033.5,11236.85,10837.75,11187.7,39850770,2917.83
2013-07-19,11223.8,11237.9,10934.25,10973.9,28778059,2061.87
2013-07-22,10948.4,11132.2,10948.4,11086.95,17830064,1153.46
2013-07-23,11218.8,11285.8,11195,11239.7,20127227,1382.34
2013-07-24,11018.05,11018.05,10661.3,10720.15,53956494,3015.02
2013-07-25,10667.05,10772.7,10594.6,10614,40830437,2720.3
2013-07-26,10701.25,10723.3,10352.95,10465.25,52076290,2700.42
2013-07-29,10451.85,10451.85,10310.65,10331,27018135,1609.61
2013-07-30,10339.1,10449.7,10195.5,10209.55,35138744,2193.81
2013-07-31,10164.65,10164.65,9863.05,10015.75,60228820,3382.13
2013-08-01,10130.1,10219.4,9867.6,10142.95,53399835,2943.56
2013-08-02,10162.15,10219.6,9958.4,9997.8,38760558,2322.8
2013-08-05,10031.3,10117.65,9818.5,10094.9,32459507,1720.7
2013-08-06,10013.6,10013.6,9660.3,9703.1,37590197,2115.21
2013-08-07,9713.45,9848.35,9667.55,9757.25,43422854,2414.25
2013-08-08,9780.55,9909.75,9724.8,9816.4,32947741,1878.11
2013-08-12,9849.85,9853.95,9669.1,9711.4,45689270,2720.51
2013-08-13,9666.55,10007.6,9582.55,9985.65,41036174,2348.4
2013-08-14,10010.15,10071.25,9912.35,10026.4,37464987,2070.85
2013-08-16,9887.9,9891.4,9420.15,9450.85,48448848,2713.57
2013-08-19,9425.5,9425.5,9087,9145,45770987,2238.54
2013-08-20,8939.2,9277.05,8860.15,9218.95,60849087,2869.55
2013-08-21,9652,9766.1,9129.25,9264.4,88354906,4027.81
2013-08-22,9194.85,9373.8,9005.25,9268.9,73295799,3341.2
2013-08-23,9322.8,9493.85,9215.85,9470.1,53547580,2644.26
2013-08-26,9529.7,9586.65,9294.05,9373.55,39800636,2086.9
2013-08-27,9208.15,9208.15,8842.5,8870.5,54297562,2750.96
2013-08-28,8729.25,8869.7,8366.75,8760.85,68036121,3316.37
2013-08-29,8897,8958.35,8759.85,8904.6,56814329,2753.45
2013-08-30,8891.9,9135.55,8846.55,9049.2,79306095,4436.79
2013-09-02,9112.8,9233.6,9086.75,9139.5,37748420,1875.13
2013-09-03,9220.95,9220.95,8625.4,8664.2,47745072,2292.58
2013-09-04,8688.65,8916.75,8605.65,8845.75,47968590,2348.9
2013-09-05,9253.45,9704.6,9253.45,9682.4,95347572,5028.08
2013-09-06,9746.65,9989.85,9568.5,9961.4,67680522,3785.88
2013-09-10,10084,10304.9,10084,10188.25,54667735,3193.8
2013-09-11,10112.65,10409.15,9980.5,10369.1,62590774,2982.38
2013-09-12,10338.3,10358.25,10070.95,10158.55,54840046,2798.32
2013-09-13,10067.15,10272.4,10037.3,10180.45,50632197,2567.02
2013-09-16,10418.5,10536.7,10175.05,10368.4,50013989,2821.75
2013-09-17,10320.85,10334.3,10223.95,10279.6,34206830,1822.55
2013-09-18,10327.15,10481.5,10241.95,10447.85,35045627,1798.14
2013-09-19,10984.5,11219.45,10984.5,11148.65,91510453,5160.91
2013-09-20,11163.95,11188.1,10409.8,10686.8,89815953,4761.38
2013-09-23,10466.3,10509.55,10177.9,10211.7,54757693,2793.67
2013-09-24,10063.05,10289.75,10046.7,10175.9,54962840,2632.11
2013-09-25,10191.85,10232.45,9919.7,10081.7,48260906,2521.55
2013-09-26,10091.4,10189.4,10051.2,10098.25,45278089,2302.43
2013-09-27,10131.65,10131.65,9883.95,9899.75,34271212,1789.9
2013-09-30,9783.9,9815,9587.75,9617.8,37041035,1905.07
2013-10-01,9685.15,9912.95,9582.75,9883.3,42985157,1938.95
2013-10-03,9946.3,10241.45,9888.7,10222.95,41745535,2319.36
2013-10-04,10171.45,10328.75,10111.75,10197.15,39283227,2004.99
2013-10-07,10124.15,10124.15,9877.45,10082.1,30274728,1624.45
2013-10-08,10418.85,10451.15,10090.6,10141.45,41846003,2235.53
2013-10-09,10004.4,10360.35,9947.25,10334.95,41708816,2394.45
2013-10-10,10309.2,10372.05,10199.55,10288.95,31795087,1868.32
2013-10-11,10423.6,10649.3,10307.9,10622.15,41438794,2347.78
2013-10-14,10588.95,10706.8,10550,10665.25,37489265,1982.77
2013-10-15,10738.2,10738.2,10339.1,10389.25,38032749,2036.87
2013-10-17,10406.05,10416.2,10274.35,10336.55,42007590,2517.35
2013-10-18,10387.3,10784,10387.3,10744.9,37464205,2338.74
2013-10-21,10751.7,10871.75,10700.55,10797.55,32770260,1844.93
2013-10-22,10743.8,10907.55,10707.85,10809.1,49088449,2577.51
2013-10-23,10837.05,10912.8,10732.35,10880.65,48996814,2768.36
2013-10-24,10839.45,11091.6,10839.45,10902.45,41760146,2323.17
2013-10-25,10880.85,10951.75,10797.6,10896.5,30352369,1908.73
2013-10-28,10924.45,11002.4,10752.35,10773.2,28172998,1661.58
2013-10-29,10779.65,11268.2,10669,11241.65,53630179,3110.36
2013-10-30,11284.85,11366.45,11211.5,11249.35,35825448,2132.89
2013-10-31,11211.3,11512.5,11170.05,11473.15,79514285,3742.01
2013-11-01,11472.2,11694.45,11443.6,11628.65,88547481,3922
2013-11-03,11678.7,11691.2,11582.65,11614.05,7221409,367.93
2013-11-05,11539.75,11736.2,11462.1,11498.9,58827183,2960.25
2013-11-06,11510.4,11510.4,11269.95,11292.55,34778846,1921
2013-11-07,11320.85,11398.6,11024.75,11054.9,44216194,2550.35
2013-11-08,11011.05,11067,10841.6,10913.15,41959750,2246.55
2013-11-11,10786.25,10940.5,10674.5,10758.45,40181781,2087.82
2013-11-12,10755.65,10860.35,10543.15,10583.05,41554577,2202.53
2013-11-13,10469.1,10652.3,10412.05,10523.35,55024062,3457.77
2013-11-14,10660.65,10891.9,10660.65,10811.2,36309906,2133.16
2013-11-18,10962.25,11156.6,10962.25,11142.3,35564106,2040.7
2013-11-19,11159.05,11207.7,11107.35,11187.85,36556479,2172.67
2013-11-20,11127.35,11156.5,10905.55,10967.15,34278859,1885.63
2013-11-21,10866.3,10866.3,10657.85,10706.9,37510455,2080.04
2013-11-22,10796.45,10820,10630.55,10677.35,31664440,1714.1
2013-11-25,10780.6,11097.95,10780.6,11083.4,35908651,2060.13
2013-11-26,11040.65,11133.4,10893.3,10909.35,66596131,2785.83
2013-11-27,10941.6,10961.35,10827.75,10899.3,30064807,1495.09
2013-11-28,10994.25,11062.15,10843,10906.75,30946854,1877.12
2013-11-29,10941.6,11186.15,10941.6,11153.95,31900370,1793.09
2013-12-02,11180.3,11347.45,11180.3,11284.35,25882581,1568.06
2013-12-03,11250.7,11310.7,11174.5,11211.3,24262085,1443.94
2013-12-04,11158.7,11216.05,11107.75,11156.75,27829737,1572.67
2013-12-05,11469.35,11685.55,11469.35,11665.1,55085073,3291.3
2013-12-06,11648.35,11770.65,11579.5,11720.2,39336932,2080.97
2013-12-09,12206.95,12225.95,12007.3,12065.9,45077157,2820.56
2013-12-10,12041,12067.45,11774.95,11843.45,37393760,2365.68
2013-12-11,11747.45,11877.75,11687.6,11784.35,28285223,1800.74
2013-12-12,11736.25,11781.7,11622.7,11635.5,26796769,1592.31
2013-12-13,11483.85,11534.35,11349.85,11366.9,29829668,1969.37
2013-12-16,11347.2,11440.85,11309.7,11372.95,25578216,1514.12
2013-12-17,11412.7,11418.1,11178,11208.65,25523667,1544.3
2013-12-18,11129.65,11572.3,11117.45,11357.9,49401030,2882.21
2013-12-19,11505.55,11505.55,11040.15,11087.45,32128379,1916.58
2013-12-20,11117.7,11318.55,11074.55,11292.35,24691469,1454.13
2013-12-23,11258.65,11453.45,11258.65,11378.5,27366479,1401.45
2013-12-24,11399.15,11405,11287.3,11330.65,23579514,1242.15
2013-12-26,11335.8,11426.45,11317.45,11385.75,30304289,1760.13
2013-12-27,11409.25,11514.45,11409.25,11459.7,21147938,1121.75
2013-12-30,11532.6,11552.4,11355.05,11376,18523308,1026.23
2013-12-31,11410.25,11427.85,11316.55,11385.25,16678888,892.38
2014-01-01,11418.9,11432.55,11361,11385.6,12087962,620.02
2014-01-02,11383.8,11578.9,11150.2,11183.2,39939709,2100.25
2014-01-03,11098.25,11208,11052.6,11181.65,28242636,1619.39
2014-01-06,11174.35,11174.35,10996.95,11049.05,20454821,1284.43
2014-01-07,11097.8,11154.1,10892.15,11036.75,30270290,1849.91
2014-01-08,11071.75,11122.75,10988.8,11053.7,33422331,1781.54
2014-01-09,11068.9,11090.25,10925.15,10970.45,29447231,1873.82
2014-01-10,10969.35,11056.9,10788.2,10805.3,35861244,2145.93
2014-01-13,10814.65,11070.2,10814.65,11021.6,26061661,1477.92
2014-01-14,10989.15,11065.65,10922.6,10948.9,21566170,1291.61
2014-01-15,11000.2,11164.1,10986.1,11125.4,35896833,1927.86
2014-01-16,11187.35,11192.8,11070,11092.55,22843262,1364.02
2014-01-17,11080.1,11081.95,10893.75,10911.35,30586938,1967.21
2014-01-20,10909.9,11022.45,10876.25,11007.5,17586613,1069.59
2014-01-21,11067.05,11190.1,11036.4,11171.5,22364823,1414.81
2014-01-22,11164.25,11248.35,11094.8,11207.35,21618052,1321.78
2014-01-23,11183.75,11221.1,11122.35,11199,21112012,1237.21
2014-01-24,11063.2,11132.7,10972.1,10982.4,26145529,1549.93
2014-01-27,10802.3,10802.3,10520.9,10540.4,37240325,2121.79
2014-01-28,10541.5,10708,10333.4,10507.6,46674753,2408.77
2014-01-29,10609.9,10644.2,10406.95,10437.75,27896577,1707.77
2014-01-30,10287.85,10314.25,10101.2,10153.15,47851105,2211.33
2014-01-31,10193.55,10266.45,10130.3,10237.75,44121844,1829.27
2014-02-03,10205.45,10222.65,10089.25,10102.1,30407535,1439.62
2014-02-04,9983.65,10222.1,9944,10191.2,35509598,1636.98
2014-02-05,10215.65,10254.05,10112.5,10231.65,27701842,1356.39
2014-02-06,10257.1,10321.5,10107.8,10205.2,34755087,1854.4
2014-02-07,10311.95,10321.1,10180.85,10263.2,23139510,1274.6
2014-02-10,10287.35,10310.3,10187.8,10213.9,17969925,891.89
2014-02-11,10242.1,10296.8,10200.6,10245.45,15230792,803.65
2014-02-12,10307.6,10395.15,10307.6,10348.8,24104934,1369.18
2014-02-13,10360.7,10386.65,10113.8,10135.7,25803512,1343.57
2014-02-14,10169,10229.45,10064.75,10203.75,28283283,1721.8
2014-02-17,10217.15,10358,10205.8,10326.55,19999024,1071.71
2014-02-18,10324.35,10618.85,10296.25,10575.2,26093289,1465.32
2014-02-19,10548.35,10630.15,10520.3,10609.6,20190914,1072.72
2014-02-20,10515.3,10525.7,10419.1,10428.3,24221257,1196.18
2014-02-21,10429.3,10584.75,10429.3,10554.35,16427772,904.42
2014-02-24,10508.95,10711.65,10471.45,10683.5,21312164,1204.36
2014-02-25,10742.15,10768.95,10611.75,10666.75,19064654,1136.04
2014-02-26,10659.2,10758.65,10659.2,10730.4,20144486,1373.59
2014-02-28,10793.6,10793.6,10688.95,10764.7,23184235,1313.69
2014-03-03,10705.45,10836.2,10613,10651.95,24141977,1415.44
2014-03-04,10661.4,10936.75,10661.4,10929.05,36108273,1849.79
2014-03-05,10987.6,11122.55,10899.4,11098.8,46407057,2401.59
2014-03-06,11147.6,11303.2,11117.25,11278.35,37215879,2076.41
2014-03-07,11357.9,11947.5,11332.6,11884.75,70896451,4513.2
2014-03-10,11784.55,12157.9,11784.55,12108.1,60334008,4031.26
2014-03-11,12132,12285.45,11994.85,12043.15,55513776,3456.4
2014-03-12,11997.85,12142.9,11887.75,12024.1,33138239,2045.63
2014-03-13,12062.35,12308.7,12062.35,12141.45,34350461,2227.7
2014-03-14,11984.5,12090.05,11867.15,12055.85,34689267,2162.38
2014-03-18,12093.2,12268.75,12052.35,12114.85,38152081,2260.01
2014-03-19,12190.85,12256.45,12132.4,12186.55,33279656,2145.38
2014-03-20,12160.65,12160.65,11989.95,12017.25,22772243,1584.34
2014-03-21,12083.45,12123.15,12043.4,12092.35,33487353,3134.32
2014-03-22,12111.85,12111.85,12061.65,12075.8,1617161,114.54
2014-03-24,12134.65,12423,12134.65,12408.15,30968785,2191.53
2014-03-25,12403.65,12523.7,12394.3,12450,24970542,1709.99
2014-03-26,12529.45,12570.6,12469.15,12518.35,36244903,2252.97
2014-03-27,12560.9,12767.5,12513.1,12604.95,55372139,4091.96
2014-03-28,12693.25,12787.5,12633.3,12754.7,40065910,2514.98
2014-03-31,12855.5,12869.35,12660.05,12742.05,38117571,2365.44
2014-04-01,12806.15,12806.15,12509.95,12588.5,34822334,2441.1
2014-04-02,12674.35,12740.15,12542.35,12715.3,38599263,2411.7
2014-04-03,12749.85,12754.75,12518,12563.85,35361526,2290.98
2014-04-04,12523.3,12656.5,12430.85,12551.7,29591726,1992.31
2014-04-07,12562.35,12615.35,12439.55,12506.45,27570018,1989.49
2014-04-09,12593.15,12957.55,12548.45,12937.4,40087907,2747.74
2014-04-10,12937.4,13055.6,12881.2,12949.4,38376381,2705.63
2014-04-11,12822.25,12934.9,12777.95,12840.2,24950117,1765.78
2014-04-15,12830.5,12831.6,12537.7,12579.9,27141605,1661.47
2014-04-16,12557.4,12727.05,12514.75,12563.15,30570767,1747.33
2014-04-17,12564.55,12819.1,12514.8,12787.25,32613346,2056.63
2014-04-21,12845.3,13002.75,12838.85,12958.5,30119863,1951.95
2014-04-22,12989.55,13040.15,12913.9,12987.1,24792710,1634
2014-04-23,12961.35,13176.05,12957.9,13122.1,49608481,3134.13
2014-04-25,13134.5,13268.6,12968.8,13034.5,40059121,2817.93
2014-04-28,13038.95,13116,12927.75,13081.55,29680628,1975.27
2014-04-29,13107.55,13124.3,12897.35,12910.55,28067630,1717.78
2014-04-30,12946.1,13100.75,12738.6,12855.85,41073880,2411.32
2014-05-02,12920.35,12995.6,12818.85,12842,19439904,1347.7
2014-05-05,12841.4,12981.6,12773.05,12880.65,32996950,1875.15
2014-05-06,12961.5,13012.55,12917.15,12966.05,24624097,1315.47
2014-05-07,12944.9,13017,12877.75,12938.2,25758927,1991.59
2014-05-08,12982.75,13095.5,12952.5,13037.4,23548844,1717.1
2014-05-09,13023.4,13814.25,13017.9,13750.5,50618692,3634.09
2014-05-12,13801,14152.45,13801,14085.05,44359640,3218.24
2014-05-13,14269.25,14367.75,14105.65,14165.55,62513365,4300.87
2014-05-14,14124.55,14320.75,14063.6,14207.1,55148350,3619.28
2014-05-15,14186.1,14301.3,14159.1,14236.55,55346268,3369.08
2014-05-16,14675.6,15742.05,14468.1,14853,103892859,8187.39
2014-05-19,15032,15305.65,15032,15222.15,57768093,4471.61
2014-05-20,15351.65,15362.55,15087.7,15111.2,46750328,2988.83
2014-05-21,15126.6,15126.6,14857.5,14952.1,36914763,2547.13
2014-05-22,15009.9,15204.45,14938.25,15055.55,37475269,2396.99
2014-05-23,15091.7,15321.25,14972.6,15285.5,53883369,4956.42
2014-05-26,15431.95,15568.05,14969.25,15175.9,52767590,4333.78
2014-05-27,15141.5,15158.4,14934.95,15084,30637314,2242.04
2014-05-28,15075.6,15198.35,15032.45,15173.35,26975575,2296.6
2014-05-29,15169.25,15254.5,15007.5,15030.3,44813466,3879.53
2014-05-30,15093.1,15108.8,14709.3,14793.4,43255344,3338.94
2014-06-02,14786.45,15321.8,14770,15287.25,33470475,2493.04
2014-06-03,15335.85,15414.05,15148.5,15257.5,36314744,2945.73
2014-06-04,15221.3,15396.9,15171.15,15333.4,32577215,2180.57
2014-06-05,15250.6,15337.15,15152.4,15282.15,34685137,2572.96
2014-06-06,15405.75,15576.05,15320.75,15543.15,39719688,2868.05
2014-06-09,15625.4,15725.8,15522.85,15567.4,41916584,2849.94
2014-06-10,15585.4,15585.4,15337.85,15427.8,30467964,2067.35
2014-06-11,15436.05,15660.05,15367.6,15450.55,40211297,2697.48
2014-06-12,15456.25,15518.75,15293.4,15464.85,26800324,2004.99
2014-06-13,15506.75,15599.75,15083.9,15106.9,33036708,2463.14
2014-06-16,15055.2,15091.3,14858.9,15030,32728056,2179.09
2014-06-17,14982.35,15393.75,14933.25,15373.2,36260412,2535.96
2014-06-18,15369.5,15461.55,15128.45,15220.4,36076242,2643.63
2014-06-19,15282.05,15332.75,14976.15,15067.4,26241549,2065.96
2014-06-20,15064.45,15195.55,14978.5,14997.65,21875260,1767.12
2014-06-23,15014.2,15148,14940.35,15076.35,25013855,1866.97
2014-06-24,15142.35,15341.95,15142.35,15309.5,29137817,2051.34
2014-06-25,15320.95,15320.95,15221.15,15237.85,23370497,1770.43
2014-06-26,15247.1,15333.25,15020.65,15050,37291657,2560.05
2014-06-27,15092.25,15117.15,14946.85,14992.35,20185412,1549.65
2014-06-30,15059.1,15329.95,15059.1,15241.9,29758891,1994.58
2014-07-01,15288.8,15365.65,15261.15,15321.35,24831205,1804.17
2014-07-02,15464.55,15519.3,15414.85,15490.35,23653021,1828.25
2014-07-03,15512.75,15554.7,15431.5,15451.65,22303318,1728.32
2014-07-04,15458.75,15582.65,15305,15556.15,20780659,1590.5
2014-07-07,15589.5,15592.8,15349.2,15367.6,33216870,2719.59
2014-07-08,15437.4,15437.4,14889.35,14997.5,26417330,1945.1
2014-07-09,15008.25,15093.45,14827.1,14931.1,30659706,2176.79
2014-07-10,14940,15371.05,14621.95,14821.7,48099687,3586.14
2014-07-11,14796.9,14918.85,14406.65,14447.2,33016401,2377.09
2014-07-14,14508.1,14561.75,14338.65,14489.75,28201476,1918.46
2014-07-15,14601.85,14919.55,14601.85,14891.9,32855355,2219.22
2014-07-16,15033.95,15299.8,15006.45,15265.45,39301894,2835.13
2014-07-17,15258.95,15301.95,15156,15269.05,26113242,1915.1
2014-07-18,15169,15463.15,15089.3,15389.35,30493093,2309.91
2014-07-21,15510,15554.9,15355.35,15385.95,26138730,1936.22
2014-07-22,15440.35,15473.35,15306.35,15427.35,21711499,1588.65
2014-07-23,15513.45,15626.9,15398.7,15463,31130839,2564.92
2014-07-24,15471.35,15559.1,15410.2,15534.35,28219094,2103.29
2014-07-25,15494.85,15571.9,15272.45,15322.25,27779539,2004.06
2014-07-28,15399.5,15403.9,15162.05,15212.15,22721782,1518.82
2014-07-30,15256.2,15470.6,15184.65,15452.4,29165299,2114.15
2014-07-31,15447.9,15499.5,15233,15267.6,39207840,2521.59
2014-08-01,15137.6,15417.25,15096.1,15127.8,36343480,2552.56
2014-08-04,15242.25,15326.15,15128.1,15242.35,22936170,1608.97
2014-08-05,15283.6,15343.5,15105.9,15293.25,27423613,1914.14
2014-08-06,15209.05,15239.35,14983.5,15008.65,21257923,1447.41
2014-08-07,15004.85,15135.1,14956.85,14986.85,21979231,1474.36
2014-08-08,14831.75,14858.95,14709.1,14765.75,27150257,2111.53
2014-08-11,14858.75,14896.9,14807,14846.8,20923637,1353.04
2014-08-12,14943.8,15078.1,14850.15,15056.7,19702406,1355.69
2014-08-13,15007.25,15078.35,14843.8,14910.9,27185856,1891.94
2014-08-14,14954.2,15144.75,14940.3,15089.65,24745845,1721.61
2014-08-18,15099.7,15465.05,15068.35,15439.75,28413852,1934.99
2014-08-19,15507.05,15624.35,15469.85,15524.65,31942362,2176.22
2014-08-20,15566.75,15566.75,15448.9,15481.7,19905172,1527.02
2014-08-21,15475.5,15721.95,15462.5,15662.2,34520563,2517.99
2014-08-22,15699.05,15865.3,15696.3,15819.15,32028572,2380.35
2014-08-25,15817.55,15973.35,15625.45,15669,22469543,1776.03
2014-08-26,15530.65,15674.55,15503.4,15624.1,21077883,1476.42
2014-08-27,15745.6,15758.85,15669.05,15717.65,18352395,1415.7
2014-08-28,15758.05,15794.6,15688.15,15740.4,27074422,2024.19
2014-09-01,15790.25,16060.2,15790.25,16012.8,23685389,1701.46
2014-09-02,16049.75,16170.85,16047.3,16130.55,26315789,1932.56
2014-09-03,16208.55,16208.55,16048.1,16110,30657042,1996.3
2014-09-04,16102.9,16114.75,15926.65,16033.55,21703976,1592.89
2014-09-05,16030.45,16111,15891.75,15982.5,21486911,1577.88
2014-09-08,16084.2,16222.55,16049.25,16206.7,20521106,1495.61
2014-09-09,16171.8,16199.1,16085.7,16156.75,17489600,1347.17
2014-09-10,16173.5,16190.5,16053.9,16151.75,20602012,1644.66
2014-09-11,16197.3,16309.7,16166.85,16204.15,30041684,1846.93
2014-09-12,16208,16278.65,16145.7,16254.15,22583271,1553.99
2014-09-15,16158.65,16239.7,16106.05,16167.55,27061568,1801.37
2014-09-16,16160.7,16169.6,15814.65,15844.1,28607396,1759.9
2014-09-17,15926.85,15937.3,15799.7,15838.6,22263757,1561.99
2014-09-18,15778.75,16173.8,15770.8,16156.85,21551813,1641.85
2014-09-19,16197.5,16197.5,16064.6,16152.15,23901299,1648.14
2014-09-22,16052.55,16272.35,16021.15,16194.55,19099454,1412.1
2014-09-23,16194.4,16240.55,15894.55,15902.85,23894197,1833.52
2014-09-24,15883.45,15954.45,15625.85,15740.3,26015651,2001.75
2014-09-25,15690.5,15734.1,15213.35,15299.05,41715540,3148.15
2014-09-26,15262.9,15666.4,15168.4,15607.25,37253894,2679.3
2014-09-29,15636.45,15636.45,15420.8,15473.55,20414879,1381.41
2014-09-30,15441.35,15596.1,15336.7,15392.25,28367263,1913.24
2014-10-01,15370.7,15377.6,15270.95,15316.2,20668460,1323.06
2014-10-07,15214.25,15344.6,15157.7,15180.25,20601315,1574.35
2014-10-08,15130.35,15371.8,15130.35,15344,19840589,1410.06
2014-10-09,15434.35,15795.65,15434.35,15741.2,27780819,1784.65
2014-10-10,15603.45,15628.75,15439.35,15453.8,24179823,1362.02
2014-10-13,15360.7,15705.7,15301.65,15677.5,26082820,1597.67
2014-10-14,15790.95,15843.7,15560.25,15751.55,32225926,1864.61
2014-10-16,15690.35,15836.15,15477.05,15541.6,30855086,2004.6
2014-10-17,15617.35,15973.5,15603.45,15929.8,31311659,1962.83
2014-10-20,16259.7,16297.25,16157.05,16216.6,32100648,2135.01
2014-10-21,16281.95,16452.85,16269,16427.25,37131786,2498.99
2014-10-22,16570.4,16572.5,16365.6,16444.7,22170074,1623.45
2014-10-23,16508.4,16524.9,16444.05,16470.05,2960759,209.33
2014-10-27,16538.9,16664.3,16470.85,16556.6,22942944,1637.58
2014-10-28,16607.5,16702.3,16607.5,16667,18058541,1600.86
2014-10-29,16770.2,16770.2,16596.25,16634.05,19023898,1619.2
2014-10-30,16606.5,16776.35,16561.35,16760.05,32012908,2565.48
2014-10-31,16812.45,17060.15,16783.65,17045.05,30066791,2379.73
2014-11-03,17087,17168.4,16934.85,17134.1,27947948,1997.6
2014-11-05,17201.45,17425.2,17157.8,17352.95,26884330,2313.87
2014-11-07,17366.85,17383.6,17202.2,17347.05,27539546,2078.62
2014-11-10,17364.65,17412,17203,17262.4,18619468,1436.89
2014-11-11,17266.25,17434.15,17220.45,17390.2,22486483,1805.57
2014-11-12,17461.45,17635.9,17453.45,17587.05,27093290,2126.71
2014-11-13,17645.3,17651,17389.65,17453,23662826,2014.64
2014-11-14,17460.55,17601.15,17410.5,17576.8,27021001,2714.55
2014-11-17,17571.7,17676.6,17469.25,17640.4,26928513,2918.64
2014-11-18,17672.85,17750.25,17601.15,17702.55,24168195,2396.84
2014-11-19,17739.2,17745.7,17557.1,17585.65,19839984,1807.93
2014-11-20,17649.35,17681.8,17546.7,17645.05,38059457,1934.7
2014-11-21,17767.75,18139.95,17716.65,18056.3,56331995,3290.41
2014-11-24,18128.6,18313.1,18119.65,18281.95,40439295,2126.39
2014-11-25,18261.95,18261.95,17992.5,18037.05,57611224,2730.78
2014-11-26,17914.35,18128.15,17890.85,17975.95,32391132,1895.92
2014-11-27,17988.7,18054.65,17898.4,18022.5,44024254,2487.49
2014-11-28,18082.4,18615.4,18082.4,18513.15,67159535,3499.68
2014-12-01,18586.95,18676.1,18497,18525.3,43682395,2499.43
2014-12-02,18434.75,18601.85,18301,18555.85,54738132,2782.67
2014-12-03,18549.75,18723.65,18518,18645.85,44130903,2368.4
2014-12-04,18758.8,18793.15,18575.35,18782.85,46278757,2056.97
2014-12-05,18827.6,18875.45,18706.25,18756.75,41358139,1933.54
2014-12-08,18804.95,18804.95,18486.55,18510.05,32475946,1507.98
2014-12-09,18499.95,18585.35,18248.1,18290.65,39683603,1710.9
2014-12-10,18183.1,18532.9,18183.1,18462.95,47192327,2061.36
2014-12-11,18427.5,18529.65,18218.4,18405,45844918,2034.58
2014-12-12,18413.7,18501.75,18236.55,18299.75,38148580,1651.16
2014-12-15,18176.7,18470.05,18157.25,18372.65,41440078,1897.66
2014-12-16,18249,18308.95,17776.35,17830.55,63860864,2635.91
2014-12-17,17762.25,18051.85,17502.45,17865.75,81367367,3305.99
2014-12-18,18238,18356.3,18109.35,18326.6,56245826,2226.37
2014-12-19,18545.7,18563.6,18413.75,18478.9,63612345,2565.23
2014-12-22,18562.35,18801.15,18424,18747.35,39132217,1620.88
2014-12-23,18746.8,18923.6,18558.5,18603.75,41066755,1733.21
2014-12-24,18582.75,18709.15,18493.3,18535.35,54661971,2308.86
2014-12-26,18602.55,18681.75,18448.6,18557.2,29898270,1165.86
2014-12-29,18589.6,18700.7,18501.05,18528.35,26414596,1065.86
2014-12-30,18573.25,18671.95,18428.1,18647.55,33793298,1442.86
2014-12-31,18659.6,18774.2,18659.6,18736.65,27006490,1196.26
2015-01-01,18728.2,18781.55,18638.85,18750.45,20469847,810.17
2015-01-02,18752.2,19118.85,18752.2,19057.8,41288039,1713.48
2015-01-05,19155.2,19166,18987.7,19017.4,36318747,1497.4
2015-01-06,18874.6,18874.6,18388.35,18430.75,52069776,2124.64
2015-01-07,18382.55,18482.05,18211.5,18304.25,58241387,2341.58
2015-01-08,18587.1,18752.3,18486.2,18701.4,47744703,2208.7
2015-01-09,18845.9,18864,18479.65,18637.25,51848548,2360.78
2015-01-12,18632,18822.05,18530.1,18795.85,35089936,1429.2
2015-01-13,18889,18920.65,18642.8,18707.2,44597947,2054.14
2015-01-14,18670.4,18769.65,18517.9,18603.8,41590949,1849.89
2015-01-15,19340.45,19410.4,19061.35,19235.65,86507935,3633.25
2015-01-16,19274.15,19275.8,19108.35,19223.15,64054519,2727.26
2015-01-19,19345.65,19434.2,19299.1,19406.05,43457730,1841.28
2015-01-20,19446.8,19808.25,19446.8,19767.05,53748223,2506.48
2015-01-21,19811.85,19964.95,19803.15,19843.25,70754102,3107.26
2015-01-22,19898.5,19964.25,19788.7,19917.65,48970464,2088.71
2015-01-23,20133.85,20167.65,19967.35,20072.7,60572191,2518.75
2015-01-27,20179.8,20609.25,20098.25,20555.25,54239370,2361.39
2015-01-28,20507.5,20907.55,20435,20491.75,67840741,3129.13
2015-01-29,20475.7,20579,20338.95,20528.6,74660443,3311.8
2015-01-30,20600.65,20600.65,19732.45,19843.75,120252455,4112.58
2015-02-02,19778.95,19991.4,19564.5,19865.9,90687967,3676.27
2015-02-03,19941.7,19963.7,19303.5,19382.95,107824150,3966.45
2015-02-04,19423.25,19423.25,19113.35,19174,81360048,3179.43
2015-02-05,19170.15,19444.65,18977.9,19051.9,70976148,2647.49
2015-02-06,19066.25,19119.7,18740.35,18786.7,72602607,2547.37
2015-02-09,18650,18667.05,18379.6,18403.85,60429342,2079.53
2015-02-10,18242.95,18933.7,18226.9,18752.5,95139429,3524
2015-02-11,18890.75,19051.8,18890.75,18940.8,56943797,2057.01
2015-02-12,19073.45,19176.8,18739.85,19128.6,71078575,2479.52
2015-02-13,19284.3,19441,19164.25,19369.7,114369392,3822.34
2015-02-16,19518.85,19532.7,19127.15,19189.95,57732371,2122.5
2015-02-18,19226.4,19389.8,19171.9,19296.5,46736878,1740.35
2015-02-19,19296.15,19377.45,18876.25,19188.3,53870593,1956.43
2015-02-20,19157.3,19307.8,18882.25,19073.55,63838362,2321.42
2015-02-23,19199.15,19219.75,18835.35,18913.4,51088766,2071.28
2015-02-24,18940.45,19022.15,18737.75,18883.8,59152218,2395.76
2015-02-25,18969.2,19069.15,18700.2,18733.05,54229904,2122.15
2015-02-26,18781.4,18795.1,18489.6,18538.1,76878910,2894.35
2015-02-27,18659.65,19114.45,18654.85,19074.55,69819276,2581.78
2015-02-28,19306.5,19776.9,19023.55,19691.2,100390043,4013.78
2015-03-02,19954.5,20065.5,19750.85,20008.1,76974161,3513.38
2015-03-03,20043.4,20043.4,19821.55,19961.2,58340797,2359.94
2015-03-04,20541.65,20541.65,19555.1,19643.9,118684182,4758.11
2015-03-05,19605.6,19830.35,19398.75,19748,59875106,2436.46
2015-03-09,19545.25,19545.25,19112.65,19145.55,53042357,2049.83
2015-03-10,19170.3,19271.8,18915.1,19054.4,57599232,2164.93
2015-03-11,19050.3,19181.8,18917.9,19044,55360126,2007.31
2015-03-12,19201.1,19255.9,19095.3,19141.85,41367973,1616.17
2015-03-13,19359.75,19376.85,18737.35,18779.8,54939717,2009.37
2015-03-16,18786.65,18912.85,18688,18837.35,48153899,1879.14
2015-03-17,18961.3,19121.85,18781.5,19058.25,47743992,1758.87
2015-03-18,19080.25,19234.4,18937.25,19147.25,59060854,2112.6
2015-03-19,19345.7,19373.45,18739.85,18811.15,51683013,2152.84
2015-03-20,18778.8,18782.95,18541.5,18606.35,62962667,2394.26
2015-03-23,18695.05,18696.7,18409.9,18449,42987120,1577.49
2015-03-24,18348.35,18546.25,18289.75,18331.45,62690934,2321.27
2015-03-25,18364.3,18433,18271.6,18310.1,53985052,2021.21
2015-03-26,18138.8,18224.1,17729.1,17831.65,104061184,4444.31
2015-03-27,18013.65,18092.4,17719.35,18044.8,79498523,2881.25
2015-03-30,18160.2,18393.25,18089.45,18361.8,50868224,1892.47
2015-03-31,18424.1,18494.35,18158.55,18206.65,57948741,2023.51
2015-04-01,18204.55,18668.85,18131.4,18617.85,45673069,1589.69
2015-04-06,18702.6,18702.6,18455.2,18605.45,47587506,1778.08
2015-04-07,18666.6,18669.6,18351.8,18469.3,53179556,2022.51
2015-04-08,18559.55,18595.6,18381.55,18416.6,45753359,1657.73
2015-04-09,18523.35,18894.75,18401.45,18875.85,72684119,2674.77
2015-04-10,18869.85,18896.5,18724.95,18800.85,54223553,1938.29
2015-04-13,18842.25,18890.65,18708.3,18798.25,43773210,1619.82
2015-04-15,18848.65,19038.5,18615.85,18716.3,66391246,2650.82
2015-04-16,18731.65,18731.65,18504.7,18637.05,55609375,2228.76
2015-04-17,18618.5,18625.75,18321.75,18345.55,57298263,2242.75
2015-04-20,18386.25,18500.3,17984.65,18112.75,57294278,2301.6
2015-04-21,18102.3,18328.35,18036.9,18105.75,53177130,2098.63
2015-04-22,18196.85,18297.2,17798.65,18243.7,61974250,2452.83
2015-04-23,18350.35,18433.8,18143.75,18245.6,56980744,2726.39
2015-04-24,18290.75,18290.75,17916.8,18001.9,52289660,2100.28
2015-04-27,18063.6,18075.7,17738.9,17767.6,66541958,2360.94
2015-04-28,17766.55,18320.1,17766.55,18246.25,77448235,2907.93
2015-04-29,18255.8,18431.9,18202.4,18302.65,60010265,2353.96
2015-04-30,18318.85,18430.05,18163.9,18338.1,92163016,3863.55
2015-05-04,18417.5,18586.3,18350.95,18501.3,38833685,1454.35
2015-05-05,18500,18563.05,18396.8,18471.45,39419171,1844.4
2015-05-06,18436.9,18580.1,17757.7,17799.55,66730522,2647.06
2015-05-07,17751.4,17751.4,17246.55,17376.9,60253207,2309.36
2015-05-08,17600.25,17907.5,17600.25,17796.6,88963421,2861.54
2015-05-11,17921.15,18240.65,17841.75,18199.75,108498669,2834.03
2015-05-12,18193.55,18193.55,17597.75,17628.65,69364982,2206.9
2015-05-13,17779.25,18127.8,17650.35,18097.45,63573496,2280.41
2015-05-14,18071,18156.95,17806.1,18116.2,54448233,1859.95
2015-05-15,18178.4,18260.3,18108.55,18183.15,63070882,2270.96
2015-05-18,18274.6,18439.7,18213.75,18422.95,46167235,1640.83
2015-05-19,18364.9,18556.05,18296.75,18380.4,54669360,1979.4
2015-05-20,18432.6,18619.6,18432.6,18555.15,42764836,1538.13
2015-05-21,18593.85,18603.8,18398.65,18513.15,51708394,1736.47
2015-05-22,18560.85,18755.45,18354.55,18433.3,110163572,3388.67
2015-05-25,18405.05,18475.55,18302.5,18324.85,52100958,1703.7
2015-05-26,18339.1,18378.2,18226,18329.3,35176215,1219.4
2015-05-27,18299.65,18561.5,18236.25,18538.85,47772490,1601.13
2015-05-28,18562.75,18639.65,18381.75,18449.2,78588818,2738.15
2015-05-29,18486.4,18751.2,18461.45,18721.35,58085375,2009.08
2015-06-01,18721.15,18832.5,18598.7,18617,35755937,1352.68
2015-06-02,18656.05,18656.05,17932.3,17977.3,66799306,2331.6
2015-06-03,17978.15,17978.15,17567.2,17721.4,73475921,2506.46
2015-06-04,17757.35,17777.9,17469.65,17719.2,68045447,2316.6
2015-06-05,17679.9,17786.5,17506.25,17549.25,59916302,2135.17
2015-06-08,17542.5,17561.4,17358.45,17432.6,61733263,2014.79
2015-06-09,17413.45,17560.5,17392.95,17489.9,57344058,1928.03
2015-06-10,17485.9,17782,17485.9,17707.25,49732467,1851.67
2015-06-11,17819.6,17821.9,17264.2,17304.4,75497870,2598.88
2015-06-12,17298.45,17551.35,17174.7,17523.55,56900277,1978.75
2015-06-15,17499.35,17579,17366.15,17458.7,51230225,1787.9
2015-06-16,17368.45,17651.9,17293.45,17602.45,47541970,1693.78
2015-06-17,17681.2,17692.55,17533.45,17584.05,50116633,1830.49
2015-06-18,17661.9,17797.35,17630.65,17733.55,53456551,1930.96
2015-06-19,17758.95,17935.3,17730.7,17880.85,45309746,1524.98
2015-06-22,17956.55,18420.95,17950.6,18334.5,61419191,2154.12
2015-06-23,18414.55,18499.6,18287.25,18391.35,61660708,2112.19
2015-06-24,18403.9,18499.75,18304.95,18365.55,50177396,1766.86
2015-06-25,18312.85,18539.15,18278.7,18492.9,83574982,2822.78
2015-06-26,18461.6,18461.6,18199.25,18371.5,51902054,1740.31
2015-06-29,17962.5,18291.75,17821.9,18241.25,56450814,1846.26
2015-06-30,18204.85,18342.5,18086.8,18296.1,57085356,1978.5
2015-07-01,18275.6,18629.15,18261.9,18581.6,58558613,2034.29
2015-07-02,18605.1,18642.85,18513.3,18585.55,46594751,1838.3
2015-07-03,18535.7,18756.65,18535.7,18729.65,37531821,1423.01
2015-07-06,18488.35,18855.9,18417.35,18825.15,42769838,1692.4
2015-07-07,18794.1,18980.65,18713.15,18798.5,46335758,1680.1
2015-07-08,18579.65,18669.45,18402.85,18463.15,61686240,2520.84
2015-07-09,18442.15,18584,18409.2,18508.7,40159309,1530.46
2015-07-10,18584.95,18767.8,18534.55,18719.8,47365522,1655.66
2015-07-13,18753.8,18929.2,18657.6,18893.55,44253570,1920.38
2015-07-14,18913.75,18940.85,18734.4,18780.2,41870853,1554.23
2015-07-15,18801.5,18894.9,18773.9,18816.25,39321890,1278.66
2015-07-16,18870.5,19195.4,18867.5,19168.05,59754376,2629.76
2015-07-17,19175.3,19229.05,19069.3,19094.7,37799797,1540.99
2015-07-20,19126.1,19149.05,18852.7,19032.7,57348699,1474.65
2015-07-21,19042.95,19101.5,18702.45,18723.4,40091629,1456.01
2015-07-22,18683.3,19038.15,18613.6,18997,45250592,1661.48
2015-07-23,18990.85,19091.45,18819.25,18865,41291991,1521.39
2015-07-24,18832.45,18860.75,18613.55,18635.85,59850422,2291.52
2015-07-27,18566.55,18566.55,18187.45,18213.05,48338057,1715.4
2015-07-28,18250.65,18379.1,18174.2,18282.8,92774462,2575.39
2015-07-29,18331.55,18383.65,18264.3,18323.4,54583692,1922.34
2015-07-30,18383,18521.75,18367.2,18440.4,106468416,2892.59
2015-07-31,18489.85,18828.85,18474.8,18729.85,117407559,3649.78
2015-08-03,18782.65,19016.4,18782.65,18914.7,94100555,2911.08
2015-08-04,18968.25,19067.35,18758.9,18972.6,104132738,3200.31
2015-08-05,19047.3,19103.7,18868.65,18928.55,67018432,1960.65
2015-08-06,18946.3,19100.55,18830.4,19029.35,59517717,1832.47
2015-08-07,18992.8,19019.65,18849.15,18893.55,41653570,1299.91
2015-08-10,18926.1,19071.35,18781.3,18875,43121213,1446.95
2015-08-11,18918.55,18918.55,18555.5,18616.9,76413031,2272.9
2015-08-12,18515.2,18515.2,18034.75,18059.75,68321743,2143.2
2015-08-13,18211.5,18359.25,18080.5,18175.4,56495503,1878.94
2015-08-14,18275.5,18766,18193.1,18723.6,68472344,2189.85
2015-08-17,18763.05,18896.45,18580.65,18822.05,122687958,3249.4
2015-08-18,18862.15,18874.1,18595.5,18780.85,81705775,2363.47
2015-08-19,18753.45,18803.5,18636.1,18703.25,54367547,1719.95
2015-08-20,18533.25,18711.35,18219.9,18283.1,76744606,2633.36
2015-08-21,17978.25,18118.8,17842.1,18057.2,86612685,3061.52
2015-08-24,17446.35,17446.35,16740.7,16811.8,138307572,4458.02
2015-08-25,17084.15,17269.15,16670.55,17192.75,123179428,3659.72
2015-08-26,17113.1,17172.2,16875.5,16917.65,83956178,2370.31
2015-08-27,17175.65,17249.5,17061.85,17214.4,115472196,3573.28
2015-08-28,17425.3,17569.8,17099.8,17211.95,76587431,2548.57
2015-08-31,17137.25,17353.3,17028.9,17146.55,69185388,2015.18
2015-09-01,16983.8,16983.8,16436.85,16530.3,82805160,2561.32
2015-09-02,16703.95,16714.5,16218.65,16252.7,92263285,2721.1
2015-09-03,16404.95,16607.4,16320.55,16555.4,67618554,2045.04
2015-09-04,16444.2,16444.2,15933.15,16129.1,88284844,2544.32
2015-09-07,16222.2,16273.35,15762.2,15790.1,70985097,2071.52
2015-09-08,15888.5,16419,15819.55,16350.95,82216809,2722.37
2015-09-09,16658.35,16781.55,16462.45,16631.5,86171475,2809
2015-09-10,16351.75,16711.55,16192.25,16597.65,62602462,1936.25
2015-09-11,16682.25,16781.15,16518.8,16612.6,62307225,1883.93
2015-09-14,16596.5,16937.9,16525.15,16911.8,50037659,1632.82
2015-09-15,16905.8,16919.45,16681.55,16739.55,62041195,2006.14
2015-09-16,16885.2,17015.75,16780.15,16964.85,56132969,1918.47
2015-09-18,17184.25,17602,17156.2,17409.15,101963107,3490.04
2015-09-21,17186.05,17571.3,17178.85,17542.9,54440559,1755.03
2015-09-22,17574.6,17652.35,16946.25,17031.15,66788167,2106
2015-09-23,16783.8,17309.7,16759,17255.3,62555647,2058.16
2015-09-24,17206.1,17283.1,17070.55,17196.65,57933912,2058.28
2015-09-28,17286.25,17384.75,17073.95,17100.3,44270111,1610.18
2015-09-29,16859.75,17461.35,16648.3,17281.2,121822683,4146.63
2015-09-30,17404.75,17449.85,17100.2,17216.3,69972702,2451.94
2015-10-01,17362.95,17390.6,17111.65,17150.2,47938874,1672.66
2015-10-05,17373.55,17699.75,17362.7,17674.05,63887128,2219.7
2015-10-06,17822.7,17827.15,17493.75,17605.35,54328513,1785.8
2015-10-07,17577.5,17674.55,17500.35,17616.8,50519627,1781.59
2015-10-08,17622.85,17622.85,17401.2,17474.3,50874056,1739.83
2015-10-09,17640.4,17749.55,17498.45,17590.25,56206754,2061.15
2015-10-12,17642.6,17759.8,17546.95,17583.15,51852861,1486.42
2015-10-13,17530.55,17632.25,17473.7,17554.85,42876621,1378.63
2015-10-14,17453,17598.1,17434.05,17543.25,36203784,1182.98
2015-10-15,17604.45,17752.7,17582.85,17686.1,45583753,1558.44
2015-10-16,17701.5,17947.75,17583.55,17912.85,47119014,1583.34
2015-10-19,17911.65,17954.9,17817.95,17855.05,33082057,1094.46
2015-10-20,17843.65,17940.4,17755.65,17830.25,43600373,1418.03
2015-10-21,17814.55,17891.75,17565.35,17710.55,75991251,1585.71
2015-10-23,17859.75,17980.5,17852.55,17934.05,52769531,1641.27
2015-10-26,18027.1,18029.05,17798.65,17815.05,48475058,1510.58
2015-10-27,17738.45,17855.35,17738.45,17806.3,44418165,1729.55
2015-10-28,17589.35,17682.45,17281.4,17373.15,88770165,3350.25
2015-10-29,17388.4,17400.2,17178.85,17212.2,83585173,3212.52
2015-10-30,17249.9,17399.1,17170.35,17354.5,76279136,2769.24
2015-11-02,17351.45,17372.25,17208.95,17340.6,48711521,1592.49
2015-11-03,17436.5,17466.2,17265.05,17325.6,44370782,1520.72
2015-11-04,17449,17449,17175.65,17221.05,41020104,1306
2015-11-05,17166.45,17166.45,16957.35,16995.1,46706567,1516.61
2015-11-06,17003,17143.6,16911.6,17086.5,120185655,2901.44
2015-11-09,16667.9,17069,16587.25,17003,80562033,2519.91
2015-11-10,16895.2,17047.3,16805.05,16836,60864871,1692.89
2015-11-11,16944.7,17016.8,16935.9,16956,10972178,393.04
2015-11-13,16829.3,16962.55,16741.8,16932.85,47160823,1655.74
2015-11-16,16881.65,17230.5,16855.5,17184.9,50710286,1543.3
2015-11-17,17302.55,17302.55,17028.2,17140.45,53695877,1608.57
2015-11-18,17108.9,17186.7,16787.55,16812.1,44250311,1342.1
2015-11-19,16944.35,17110.35,16874.7,17071.9,42911555,1427
2015-11-20,17022.7,17262.85,16931.3,17055.6,56529641,1862.49
2015-11-23,17120.25,17126.35,16969.35,17060.25,45465543,1430.55
2015-11-24,17012.85,17108.4,16964.9,16988.65,39690936,1265.36
2015-11-26,16988.2,17111.45,16972.6,17036.55,74810537,2690.8
2015-11-27,17095.2,17403.65,17049.55,17370.95,70130117,2097.43
2015-11-30,17336.25,17498.35,17336.25,17430.4,57553672,1861.22
2015-12-01,17456.75,17495.45,17353.85,17398.55,40750147,1395.83
2015-12-02,17457.15,17470.85,17164,17218.5,40854274,1263.18
2015-12-03,17137.8,17219,17080.25,17110.1,41691597,1323.84
2015-12-04,17009.45,17009.45,16880.35,16897.3,47280436,1522.98
2015-12-07,17018,17031.85,16921.75,16947,34913097,1162.91
2015-12-08,16888.65,16943.05,16783.65,16801.15,43130595,1340.55
2015-12-09,16762.15,16868.6,16626.55,16660.75,41301150,1274.24
2015-12-10,16697.2,16745.25,16573.15,16711.05,50821530,1699.95
2015-12-11,16751.35,16758.7,16260.1,16342.5,79358482,2386.65
2015-12-14,16212.4,16440.85,16205.8,16350.65,60757601,1861.6
2015-12-15,16342.35,16425.15,16188.05,16398.65,56408351,1714.81
2015-12-16,16464.5,16640.4,16363.9,16579.4,67659792,1985.14
2015-12-17,16704.05,16771.8,16544.65,16741.5,72117905,2081.73
2015-12-18,16719.45,16737.7,16572.75,16594.3,68363392,2030.29
2015-12-21,16593.4,16848.6,16580.65,16825.15,43038799,1256.07
2015-12-22,16810.7,16946.1,16704.15,16749.2,55650655,1569.96
2015-12-23,16828.35,16913.15,16812.5,16882.5,37200425,1077.83
2015-12-24,16926.95,16939.6,16756.9,16811,27091752,807.26
2015-12-28,16843.4,17019,16843.4,16979.15,41135712,1365.1
2015-12-29,16988.3,17045.55,16921.15,16991.45,36299594,1153.71
2015-12-30,16997.5,17011.3,16889.05,16917.9,40935766,1101.5
2015-12-31,16916.05,16972.25,16896.65,16922.2,59187548,1742.66
2016-01-01,16932.5,17067.45,16824.05,17039.25,29215687,842.48
2016-01-04,16966.35,16966.35,16575.45,16599.15,52324127,1541.5
2016-01-05,16652.05,16670.2,16474.85,16542.5,53646729,1398.28
2016-01-06,16505.45,16614.95,16377.65,16433.15,55221322,1497.85
2016-01-07,16256.55,16256.55,16049.75,16073.85,76230933,2123.7
2016-01-08,16135.4,16229,16104.1,16142.65,53483569,1559.14
2016-01-11,15979.05,16156.8,15840.6,16016.25,67298931,1807.79
2016-01-12,16080.4,16080.4,15699.4,15734.8,98499719,2317.63
2016-01-13,15835.05,15956.25,15532.25,15871.85,113380181,2788.44
2016-01-14,15612.1,15803.2,15453.4,15609.8,81791556,2078.88
2016-01-15,15621.85,15650.7,15154.35,15206.3,98894244,2370.35
2016-01-18,15165.2,15270.4,14956.95,15020.8,121191177,2858.69
2016-01-19,15086.75,15338.2,15086.75,15269.65,85097353,2244.94
2016-01-20,15059.5,15533.45,14754.65,14935.5,92651950,2387.1
2016-01-21,15132.2,15364.6,14918.15,15101.2,109781594,2868.71
2016-01-22,15343.15,15575.65,15274.9,15497.55,87614131,2171.13
2016-01-25,15667,15682.65,15495.1,15561.15,66198778,1818.37
2016-01-27,15648.4,15673.95,15442.2,15534.6,68640342,1620.28
2016-01-28,15569.55,15572.2,15349.75,15381.45,85676389,2253.06
2016-01-29,15140.15,15554.9,15136.85,15522.4,137127980,3961.51
2016-02-01,15547.75,15565.5,15281.35,15314.45,101914265,2931.57
2016-02-02,15353.6,15463.45,15018.85,15068,117353243,2840.84
2016-02-03,14897.4,14947.8,14777.75,14834.05,84639389,2169.51
2016-02-04,14969.2,14978.35,14761.4,14869.15,91114395,2315.65
2016-02-05,14928.25,15211.9,14890.9,15162.05,97272505,2486.58
2016-02-08,15206.3,15367.9,14960.1,15046.8,89200251,2170.65
2016-02-09,14830.4,14964.9,14760.8,14875.1,104650249,2188.07
2016-02-10,14740.2,14779.15,14490.2,14588.45,125483478,2671.87
2016-02-11,14518.65,14530.8,13969.85,14028.55,177103186,3557.95
2016-02-12,14088.6,14154.55,13810.6,13971.5,159082790,3869.88
2016-02-15,14120.9,14548.15,14120.5,14445,173684225,3623
2016-02-16,14602.25,14602.25,14136.8,14166.45,122479893,2661.57
2016-02-17,14165.25,14186.1,13892.1,14119.85,132908648,2737.11
2016-02-18,14301.75,14385.65,14180.9,14298.15,108987470,2402.51
2016-02-19,14243.45,14395.85,14207.35,14344.2,99325491,2016.18
2016-02-22,14331.2,14467.15,14322.65,14384.8,68267346,1536.4
2016-02-23,14373.3,14373.3,13961.75,14008.35,81430644,1965.76
2016-02-24,13873.7,13974.5,13760.25,13794.05,92126868,2031.46
2016-02-25,13844.45,13844.45,13519.9,13555.7,107787803,2375.44
2016-02-26,13715.1,13889.25,13595.2,13791.45,102344200,2155.84
2016-02-29,13818.9,14222.3,13407.25,13946.4,262463001,6538.28
2016-03-01,14064.8,14445.7,14064.8,14412.9,99318596,2340.78
2016-03-02,14770.35,15138.7,14767.3,15092.45,176235867,3966.29
2016-03-03,15150.05,15206.25,15000.05,15177.75,106177314,2659.42
2016-03-04,15243.75,15451.75,15005.5,15339.2,131358681,2755.33
2016-03-08,15323.45,15326.65,15066.5,15146.5,93409280,2172.12
2016-03-09,15022.35,15331.25,14989.4,15279.05,103166377,2532.39
2016-03-10,15347.45,15354.15,15098.5,15180.65,71231660,1842.52
2016-03-11,15133.75,15343.55,15024.8,15168.2,76974856,2153.88
2016-03-14,15309.05,15416.15,15220.15,15277.8,62568481,1651.96
2016-03-15,15310.45,15386.85,15268.1,15326.8,75740344,2008.44
2016-03-16,15304.35,15489.5,15178.3,15461.7,80437373,2070.96
2016-03-17,15622.3,15704.75,15312.5,15444,103772808,2858.64
2016-03-18,15485.8,15678.55,15456.2,15654.85,71783060,1896
2016-03-21,15735.55,15945.8,15735.55,15926.1,73595488,1979.57
2016-03-22,15930.45,15967.85,15779.15,15936,58606010,1669.75
2016-03-23,15884.25,15919.6,15799.95,15887.75,64078807,1982.19
2016-03-28,15867.75,15890.7,15522.2,15604.9,83527683,2658.69
2016-03-29,15583.1,15774.1,15580.8,15666.25,69537187,1823.03
2016-03-30,15829.6,16167.5,15762.2,16134.85,93824682,2461.58
2016-03-31,16134.4,16282.75,16062.05,16141.65,161944757,4080.61
2016-04-01,16099.65,16235.8,16020.6,16174.9,90417981,2174.55
2016-04-04,16236.9,16278.5,16046.5,16190.6,72458835,1912.58
2016-04-05,16127.45,16147.15,15659.75,15695,125878076,3117.87
2016-04-06,15750.15,15768.55,15578.55,15636.95,71126678,1853.86
2016-04-07,15668.95,15726.6,15458.05,15530.75,70929338,1645.12
2016-04-08,15519.3,15642.7,15483.05,15568.35,53833509,1396.16
2016-04-11,15623.35,15853.85,15440.25,15818.5,72003720,1773.01
2016-04-12,15809.1,15958.8,15794.15,15880.2,66751340,1648.47
2016-04-13,16087.95,16349.7,16080.55,16278.55,84613287,2362.26
2016-04-18,16328.7,16330.55,16011.9,16222.7,63260117,1846.69
2016-04-20,16299.5,16386.35,16160.55,16349.7,85634855,2166.91
2016-04-21,16526.55,16769.55,16526.55,16637.15,149128885,3646.44
2016-04-22,16641.05,16755.85,16549.1,16703.4,117886991,2835.84
2016-04-25,16746.95,16767.9,16605,16678.65,80059352,2003.6
2016-04-26,16647.75,17029.85,16572,17002.55,104748280,3051.26
2016-04-27,16869.35,16995,16827.35,16872.95,127303882,4530.95
2016-04-28,16885.8,17023.35,16692.7,16716.9,136491989,4343.04
2016-04-29,16712.95,16841.3,16527.55,16795,138730300,3571.79
2016-05-02,16614,16674.15,16519.55,16543,101321996,2491.46
2016-05-03,16570.75,16719.4,16358.4,16388.7,90747922,2221.84
2016-05-04,16320.1,16465.6,16250.5,16274.25,114513664,2742.03
2016-05-05,16292.4,16398.25,16193.7,16281,90435449,2488.23
2016-05-06,16264.45,16346.25,16186.25,16296.6,74991308,1712.86
2016-05-09,16357,16712.9,16357,16686.1,75762620,2373.13
2016-05-10,16710.05,16812.2,16613.9,16784.95,82060322,2263.64
2016-05-11,16544.25,16861.95,16518.75,16754.45,110386461,3461.5
2016-05-12,16881.25,16962,16779.5,16923.7,86110726,2480.92
2016-05-13,16891.7,16891.7,16594.55,16716.9,89058321,2155.87
2016-05-16,16744.15,16780.05,16431.65,16737.55,126894276,2890.41
2016-05-17,16818.4,16903.35,16738.7,16762.75,99004259,2789.41
2016-05-18,16671.7,16759.05,16556.6,16728.95,130870012,2430.36
2016-05-19,16725.45,16726.15,16535.75,16565.25,87516244,1995.4
2016-05-20,16600.8,16623.2,16455.4,16481.45,73956019,1584.93
2016-05-23,16560.15,16604.15,16368,16407.55,69309872,1618.48
2016-05-24,16422.35,16501.05,16368.6,16456.65,60212588,1531.44
2016-05-25,16600.65,17025.85,16599.05,16997.45,86513208,2190.92
2016-05-26,17037.6,17424.05,16971.35,17359.3,134389985,3368.29
2016-05-27,17348.35,17543.3,17327.65,17511.8,163233119,3840.31
2016-05-30,17580.85,17666.05,17484.8,17520.65,96747582,2371.69
2016-05-31,17615.1,17648.25,17462.2,17620.9,115964022,3491.6
2016-06-01,17670.85,17670.85,17392.85,17423.45,99164561,2547.94
2016-06-02,17405.15,17596.4,17350.45,17567.8,78335336,2242.66
2016-06-03,17657.2,17762.05,17649.05,17680.8,89366456,2670.52
2016-06-06,17710.45,17754.15,17636.9,17671.4,81251372,2190.33
2016-06-07,17796.55,18000.95,17713.35,17948.15,167578972,4195.31
2016-06-08,17976.25,17995.8,17855.2,17946.8,123360967,2819.24
2016-06-09,17955.8,17986.15,17801.55,17887.7,107528433,2437.91
2016-06-10,17830.2,18051.5,17815.25,17828.6,94174779,2392.43
2016-06-13,17620.55,17666.55,17527.55,17593.95,72871679,1967.88
2016-06-14,17698.95,17719.85,17575.95,17672.4,94796689,2072.72
2016-06-15,17746.05,17943.65,17659.6,17917.9,119252898,2716.96
2016-06-16,17827.6,17827.6,17545.8,17671.3,132625249,2917.89
2016-06-17,17772.3,17843.15,17590.75,17696.05,91953442,2295.07
2016-06-20,17425.8,17779,17425.8,17718.6,110665302,2595.04
2016-06-21,17761.65,17763.3,17585.65,17619.1,73724929,1760.53
2016-06-22,17610.1,17755.25,17518.15,17626.05,68941887,1925.78
2016-06-23,17630.8,17907.5,17611,17892.45,71430195,2007.67
2016-06-24,17213.85,17459.2,16946.35,17426.05,164607648,4115.86
2016-06-27,17346.3,17611.2,17346.3,17514.95,89947886,2173.17
2016-06-28,17497,17626.7,17481.5,17561.55,73838256,1865.7
2016-06-29,17643.65,17728.95,17580.5,17689.9,60629596,1743.27
2016-06-30,17825.3,17975.05,17795.9,17935.4,118532313,3306.28
2016-07-01,18019.7,18074.95,17955.3,17985.65,69395415,1897.16
2016-07-04,18091.75,18146.35,18054.8,18097.65,88028823,2066.45
2016-07-05,18122.4,18124.1,17989.6,18004.25,71760436,1729.8
2016-07-07,18036.3,18146.55,17997.1,18084.9,66110768,1744.02
2016-07-08,18078.05,18079.2,17910.9,18016.25,71384178,1771.8
2016-07-11,18268.15,18409.45,18243.3,18390.95,95542728,2683.54
2016-07-12,18527.85,18684.45,18464.15,18667.6,119959659,3000.57
2016-07-13,18704.9,18711.6,18546.25,18618.95,91794140,2656.4
2016-07-14,18633.5,18880.9,18580.2,18863.75,119591064,2708.83
2016-07-15,18887.9,19016.1,18772.45,18953.65,98893700,2567.28
2016-07-18,18998.3,19158,18885,18923.4,89841318,2242.05
2016-07-19,18970.15,19030.05,18833.6,18905.15,119764169,2842.96
2016-07-20,18896.8,19016.25,18886.3,18968.2,76186713,2036.75
2016-07-21,18967.4,19000.3,18644.55,18674.3,82995275,2476.38
2016-07-22,18697.8,18735.4,18551.3,18690.4,98151354,2250.3
2016-07-25,18594.95,19035.35,18572.1,18989.6,134300249,3500.74
2016-07-26,18979.1,19044.45,18814.25,18860.85,108819760,3022.24
2016-07-27,18908.45,19125,18882.4,19021.95,102758926,3614.03
2016-07-28,19050.4,19126.75,18998.8,19076.55,150822269,3940.03
2016-07-29,19047.05,19070.15,18912.6,18953.15,84588124,2266.22
2016-08-01,18896.5,19078.5,18634.4,18740.6,107461841,2913.59
2016-08-02,18783.6,18866.55,18671.85,18708.25,93802673,2360.14
2016-08-03,18680.95,18775.4,18542.6,18602,79648244,2267.01
2016-08-04,18724.9,18724.9,18443.65,18571.7,99891602,2543.99
2016-08-05,18725.2,18943.15,18708.25,18925.95,86194390,2482.89
2016-08-08,18986.75,19028.7,18896,18939.45,62653821,1923.87
2016-08-09,18968.65,19008.15,18838.6,18933.3,80282306,2266.83
2016-08-10,18966.85,18985.25,18611.25,18647.8,77578944,2171.83
2016-08-11,18621,18699.2,18537.1,18640.4,101074835,2523.82
2016-08-12,18698.3,18986.8,18695.5,18963.7,198837215,4945.54
2016-08-16,19029.1,19062.2,18839.4,19002.15,94800297,2853.88
2016-08-17,19044.55,19138.35,18966.35,19041.25,81061925,2349.65
2016-08-18,19087.2,19367.45,19083,19352.8,81431396,2692.4
2016-08-19,19419,19457.4,19327.2,19414.7,110378474,3000.38
2016-08-22,19432.6,19493.2,19252.75,19330.25,72766030,2260.39
2016-08-23,19311.9,19372.65,19246.9,19341.65,75741851,2165.09
2016-08-24,19358.7,19392.2,19284.35,19355.6,59389952,1807.5
2016-08-25,19383.7,19432.75,19282.8,19304.25,91833496,3319.88
2016-08-26,19336.45,19358,19133.9,19195.75,62935384,1988.03
2016-08-29,19174.45,19247.85,19096.7,19217,56151054,2097.48
2016-08-30,19306.5,19546.35,19306.5,19531.55,78066462,2862.35
2016-08-31,19595.9,19823.4,19595.9,19787.6,227835482,12621.85
2016-09-01,19805.8,19928.2,19738.3,19788.85,73412522,2347.06
2016-09-02,19830.35,19911.25,19787.6,19883.2,55246832,1827.3
2016-09-06,19990.95,20459.45,19990.95,20426.2,102450560,3418.91
2016-09-07,20505.8,20575.8,20376.75,20406.9,182174112,5025.38
2016-09-08,20439.2,20477.4,20335.2,20417.25,84146556,3133.96
2016-09-09,20274.75,20349.7,20139.15,20245.3,99503901,4359.51
2016-09-12,19861.45,19861.45,19735.55,19790.6,97967394,3482.14
2016-09-14,19757.05,19953.15,19732.15,19909.15,87058786,3004.68
2016-09-15,19927.6,19955.4,19730.25,19837.55,68388707,2351.11
2016-09-16,19935.85,20227.2,19783.6,19855.45,139007912,5335.43
2016-09-19,19892.2,20014.4,19849.65,19906.85,64684600,2681.69
2016-09-20,19957.35,19964.3,19797.5,19852.3,55715315,2056.31
2016-09-21,19902.7,19937.85,19749.95,19828.45,62251845,2199.53
2016-09-22,20153.1,20264.8,19996.9,20109.6,102577164,3200.62
2016-09-23,20136.75,20137.55,19861.45,19901.8,96847196,3780.62
2016-09-26,19792.2,19794.15,19568.35,19591.75,73982979,2552.57
2016-09-27,19652.95,19696.45,19479.15,19518.7,65845836,2254.69
2016-09-28,19542,19700,19509.65,19653.55,117247682,3074.09
2016-09-29,19762.3,19793.2,19059.05,19183.65,239435196,9980.19
2016-09-30,19116,19330.85,19085.2,19285.7,84247936,2589.5
2016-10-03,19395.55,19611.25,19363.95,19589.05,66410113,2033.38
2016-10-04,19641.75,19747.45,19527.35,19672.7,113388061,2928.8
2016-10-05,19801.3,19816.5,19492.8,19536.85,91727046,2529.11
2016-10-06,19518.55,19570.7,19325.8,19395.05,74619781,2686.28
2016-10-07,19398.05,19456,19318,19400.1,62681646,1878.7
2016-10-10,19489.5,19501.45,19351.35,19378.55,40907508,1288.05
2016-10-13,19295.55,19295.55,18824.4,18954.25,95148972,2977.66
2016-10-14,19016.7,19053.5,18926.15,19020.15,61797883,1807.64
2016-10-17,19136.3,19241.75,19002.45,19070.4,123597409,3474.26
2016-10-18,19174.7,19511.8,19162.85,19495.05,104276455,3331.64
2016-10-19,19570.05,19576.3,19322.75,19412.1,65347496,2227.07
2016-10-20,19493.9,19722.85,19479.25,19658.7,97604833,3274.33
2016-10-21,19636.4,19744,19516.4,19710.9,69230448,2310.21
2016-10-24,19763.85,19897.85,19751.65,19807.9,77828035,2375.85
2016-10-25,19907.7,19922.7,19711.95,19834.9,90588204,2477.21
2016-10-26,19581.7,19725.9,19434.5,19483.6,143827550,4605.88
2016-10-27,19452,19544.2,19252.1,19514.6,87647894,3276.15
2016-10-28,19507.85,19589.7,19362,19555.95,68877003,2262.36
2016-10-30,19657.8,19666.8,19484.65,19523.55,8938951,267.09
2016-11-01,19578.6,19591.65,19417.3,19458.6,61792854,1992.47
2016-11-02,19223.5,19296.55,19158.75,19227.9,74364554,2542.39
2016-11-03,19201.95,19319.65,19119.3,19178.7,65915418,1907.41
2016-11-04,19223.85,19223.9,18961.15,19058.1,76173129,2300.58
2016-11-07,19317.85,19378,19233,19356,77290268,2148.35
2016-11-08,19490.75,19549.45,19322.15,19500.8,83951456,2433.93
2016-11-09,18270.9,19587.8,18143.7,19518.25,169946993,5102.23
2016-11-10,19827.5,20283.15,19787.45,20200.25,212502782,5707.96
2016-11-11,20033.85,20309.65,19704.35,19738.8,197925973,5329.2
2016-11-15,19808.35,19861.75,19240.45,19289.75,208769377,6018.37
2016-11-16,19591.25,19611.9,19088.4,19108.1,134590517,4172.68
2016-11-17,19115.9,19328.75,19009.85,19087.85,106724890,3044.75
2016-11-18,19180.3,19216.35,18897.1,18959.05,79393592,2272.08
2016-11-21,19063.8,19075.95,18351.25,18446.4,135622966,3456.39
2016-11-22,18626.7,18650.5,18322.7,18548.65,119912505,3357.39
2016-11-23,18660.55,18669.05,18449.7,18540.9,73799835,2142.47
2016-11-24,18476,18476.35,18215.8,18256.1,120482500,3662.56
2016-11-25,18377.55,18546.35,18266.6,18507.3,81089308,2347.44
2016-11-28,18237.2,18471.65,18187.4,18301.45,106884555,3041.05
2016-11-29,18308.8,18427.4,18188.7,18223.75,81509358,2454.4
2016-11-30,18306.1,18667.85,18262.5,18627.8,89135261,2853.13
2016-12-01,18676.75,18713.1,18389.65,18428.45,62882921,1980.14
2016-12-02,18329.4,18490.5,18163.8,18247.65,84312899,2455.65
2016-12-05,18245,18434.25,18189.5,18408.9,45765934,1417.16
2016-12-06,18459.7,18499.75,18365.95,18420.9,55031739,1519.75
2016-12-07,18515.5,18588.75,17952.6,18234.15,100890980,2738.11
2016-12-08,18342.6,18558.75,18336.95,18515.45,55661159,1715.5
2016-12-09,18567.95,18739.65,18432.3,18695.8,75645795,2199.26
2016-12-12,18616.05,18616.05,18364.05,18392.95,53579188,1551.39
2016-12-13,18354.1,18492.85,18291.35,18466.05,54727502,1660.6
2016-12-14,18480.35,18485.45,18322.9,18341.5,56292640,1882.96
2016-12-15,18143.5,18532,18122.1,18401.15,82787720,2794.29
2016-12-16,18417.9,18428.45,18268.3,18312.8,81868151,3056.57
2016-12-19,18258.1,18316.8,18215.5,18257.05,37244360,1174.33
2016-12-20,18264.1,18274.9,18009.8,18069.4,53850831,1649.45
2016-12-21,18124.6,18167.15,18043.95,18084.5,45881955,1491.46
2016-12-22,18027,18029.6,17839.75,17891.45,50280389,1521.6
2016-12-23,17849.25,17962.3,17819.75,17884,53610316,1594.4
2016-12-26,17825.5,17860.85,17606.9,17655.55,45887571,1309.95
2016-12-27,17677.7,17907.35,17616.1,17879.55,50265645,1457.14
2016-12-28,17929.2,18059.65,17829.15,17876.7,57498370,1692.18
2016-12-29,17861.45,18053.3,17829.4,18033.15,83313390,2141.23
2016-12-30,18026.35,18245.75,18016.8,18177.2,54349583,1546.86
2017-01-02,18242.3,18249,17844.9,17969.6,74444730,1857.24
2017-01-03,18002.75,18115.05,17830.95,18035.6,64513818,1769.3
2017-01-04,18037.45,18092.85,17868.9,17891,50508161,1615.85
2017-01-05,18000.75,18164.05,17977.8,18115.95,68874940,2271.18
2017-01-06,18168.45,18325.5,18157.3,18264,65919927,2174.59
2017-01-09,18314.25,18373.1,18256.15,18286.65,42677260,1404.38
2017-01-10,18351.45,18441.15,18275.75,18409.6,59993426,2012.18
2017-01-11,18535.35,18889.45,18515.25,18830,102842482,3493.47
2017-01-12,18885.45,18966.3,18805.85,18873.95,66286062,1982.54
2017-01-13,18949.7,18952.25,18781.25,18912.1,55762182,1855.3
2017-01-16,18899.7,19134.5,18865.25,19096.45,59319825,1740.77
2017-01-17,19128.15,19202.25,18981.85,19067.05,63686033,1862.62
2017-01-18,19074.85,19276.5,19072.1,19164.5,56898977,1871.38
2017-01-19,19165.35,19185.3,19046.1,19124.25,83679399,2409.78
2017-01-20,18996.6,19071.65,18793.05,18820.8,110140976,3855.9
2017-01-23,18762,18909.65,18722.85,18842.7,97144867,3232.45
2017-01-24,18931,19054.3,18906.95,19023.5,81717037,3118.62
2017-01-25,19120.05,19518.45,19114.15,19473.2,131028002,4672.67
2017-01-27,19588.4,19794.95,19534.9,19708.3,157251635,4654.79
2017-01-30,19718.8,19767.05,19561.1,19585.25,71178678,2113.37
2017-01-31,19533.2,19624.1,19435.45,19515.15,67343878,2331.66
2017-02-01,19522.4,20047.85,19470.95,20020.6,145906975,4549.85
2017-02-02,20053.95,20146.9,19915.2,20070.3,116963782,3279.64
2017-02-03,20061.9,20229.65,20009.95,20196.8,113714035,3092.66
2017-02-06,20307.15,20462.45,20298.05,20371.6,99281709,2853.85
2017-02-07,20367.3,20426.95,20281.5,20327.25,109432014,2835.6
2017-02-08,20335.25,20362.8,20070.15,20245.4,85902788,2626.17
2017-02-09,20312.65,20406.6,20000.35,20151.15,107559620,2763.25
2017-02-10,20225.75,20310,20167.1,20213.9,117595817,3354.08
2017-02-13,20273.65,20308.7,20116.9,20251.8,108967330,3171.01
2017-02-14,20304.5,20314.05,20158.85,20258.1,69832338,2184.7
2017-02-15,20282.1,20368.2,20115.85,20163.7,74195087,2264.21
2017-02-16,20243.25,20295.55,20088.2,20243.7,81485552,2495.9
2017-02-17,20918.45,21042.35,20449.65,20551.35,197061810,17389.12
2017-02-20,20494.85,20702.6,20472.4,20677.1,66182208,1900.02
2017-02-21,20695.9,20903.35,20619.25,20860.95,74587721,2472.87
2017-02-22,20937.6,20958.25,20829.65,20868.45,92261695,3234.58
2017-02-23,20887.65,21011.9,20828.4,20876.65,95406666,4117
2017-02-27,20853.45,20853.45,20584.75,20613.05,60499704,2147.48
2017-02-28,20632.85,20681.3,20560.6,20607.25,76658515,1994.39
2017-03-01,20698.9,20833.75,20678.75,20783.75,75542256,2221.57
2017-03-02,20885,20905,20516.9,20560.05,81044163,2531.48
2017-03-03,20572.85,20580.45,20423.35,20495.6,53179917,1530.14
2017-03-06,20548.95,20727.5,20532.2,20663.65,56093806,1770.09
2017-03-07,20685.95,20701.25,20585.95,20627.5,47804156,1672.58
2017-03-08,20630.15,20715.2,20534.25,20676.55,63112788,2417.86
2017-03-09,20620.55,20780.25,20603.9,20721.35,59782379,2026.91
2017-03-10,20825.9,20876.95,20648.8,20727.55,53537238,1964.77
2017-03-14,21189.85,21274.45,21059.7,21102.7,98698328,3498.01
2017-03-15,21089.4,21216.9,21063.95,21157.9,75243419,2391.61
2017-03-16,21237.5,21289.8,21194.25,21249.9,73921069,2310.19
2017-03-17,21308.45,21336.05,21127.95,21175.05,92308641,3726.23
2017-03-20,21202.55,21202.55,21084.8,21110.25,50376495,1837.69
2017-03-21,21110.65,21146.5,20967,21019,72936344,2481.96
2017-03-22,20815.35,20899,20753.9,20781.35,83727177,3342.31
2017-03-23,20848.75,20934.75,20775.35,20895.5,60387250,2370.82
2017-03-24,20987.6,21174.1,20929.15,21122.55,124797100,3469.38
2017-03-27,21178.1,21179.2,20979.55,21056.9,97615919,2724.96
2017-03-28,21229,21264.95,21145,21225.4,95258847,3085.11
2017-03-29,21291.45,21418.6,21255.75,21391.15,119195883,3822.73
2017-03-30,21374.35,21696,21331.9,21620.7,111132480,4310.1
2017-03-31,21551.85,21574.15,21414,21444.15,103206746,3006.08
2017-04-03,21539.2,21565.45,21408.6,21547.75,61067763,1906.61
2017-04-05,21602.2,21699.3,21499.75,21652.7,84599454,2687.88
2017-04-06,21572.7,21674,21488.9,21622.95,93689427,3046.09
2017-04-07,21536.5,21616.85,21397,21431.15,96285404,2249.17
2017-04-10,21492.05,21552.1,21396.05,21520.15,57491405,1899.75
2017-04-11,21521.45,21753.35,21483.55,21736.15,89433764,2573
2017-04-12,21735.65,21787.1,21551.75,21666.8,78966353,2262.2
2017-04-13,21651.25,21758.85,21627,21686.6,71469667,2103.68
2017-04-17,21700.5,21743.3,21576.75,21647.6,49031440,1613.7
2017-04-18,21706.05,21947,21634.15,21671.85,85174794,2519.03
2017-04-19,21674.1,21706.3,21470.2,21556.35,81449296,2982.23
2017-04-20,21419.45,21558.85,21396,21491.4,100132829,4072.58
2017-04-21,21567.5,21614.55,21386.2,21551.45,77253527,3180.14
2017-04-24,21591.9,21884.85,21578.65,21857.4,84637572,3426.83
2017-04-25,21960.65,22093.25,21900.3,22054.7,88819491,2951.25
2017-04-26,22158.65,22276.05,21814.9,22242.85,133893025,3440.25
2017-04-27,22274.05,22380.85,22169.8,22326.3,166567366,5121.57
2017-04-28,22296.8,22383,22182.55,22358.25,167782299,3435.87
2017-05-02,22412.55,22492.15,22266.15,22341.35,140738147,3271.81
2017-05-03,22445.85,22449,22240.05,22307.3,130697797,2999.79
2017-05-04,22618.3,22743.7,22449.9,22720.1,226413641,6577.31
2017-05-05,22844.85,22853.55,22514,22604.95,255187439,6371.44
2017-05-08,22678.45,22835.15,22632.5,22767.35,106479323,3170.57
2017-05-09,22820.8,22835.35,22664.35,22707.3,81028829,2350.68
2017-05-10,22767.75,22859.4,22742.05,22830.35,73498955,2353.34
2017-05-11,22916.05,22977.85,22764.65,22818.45,78856978,2557.6
2017-05-12,22840.4,22859.15,22578,22671.7,96397424,4278.32
2017-05-15,22735.85,22891.7,22730.35,22821.5,74700041,3207.83
2017-05-16,22857.6,22944.1,22727.65,22928.6,134784390,3836.41
2017-05-17,22972.35,22978.15,22830.1,22935.95,96263996,3028.04
2017-05-18,22750.45,22834.55,22660.2,22698.6,113423012,4013.89
2017-05-19,22761.95,22902.25,22628.45,22769.8,154944222,4945.9
2017-05-22,22874.8,22918.35,22637.75,22652.85,99779442,3093.31
2017-05-23,22674.9,22740.4,22492.2,22582.8,114212196,3364.36
2017-05-24,22624.5,22673.4,22469.8,22536.3,91993332,2841.15
2017-05-25,22573.65,23267.8,22570.35,23190.8,132711087,4830.6
2017-05-26,23151.4,23408.35,23092.35,23362.2,78876968,2631.64
2017-05-29,23310.6,23464,23141.15,23182.75,60052384,2070.83
2017-05-30,23142.1,23337.15,23093.95,23307.25,66704876,2050.67
2017-05-31,23321.2,23469.45,23248.5,23424.8,182918715,5866.26
2017-06-01,23394.1,23396.15,23224.05,23310.15,81509629,2488.5
2017-06-02,23435.2,23453.3,23308.4,23375.9,67217648,2138.9
2017-06-05,23397.4,23494.7,23349.95,23459.65,52203667,1832.18
2017-06-06,23523.05,23536.1,23381.7,23416.3,54088336,1892.27
2017-06-07,23482.85,23606.15,23427.55,23567.65,56452419,1793.66
2017-06-08,23630.35,23659.1,23514.2,23536.1,64825589,2301.45
2017-06-09,23483.95,23708.65,23476.85,23690.9,58400790,1946.72
2017-06-12,23610.15,23630.1,23441.8,23470.45,56374007,1752.71
2017-06-13,23447,23615.2,23446.9,23477.85,47770607,1568.75
2017-06-14,23555.3,23562.8,23399.4,23498.7,81088281,2706.06
2017-06-15,23444.7,23473.3,23311.85,23391.75,72763994,2150.2
2017-06-16,23448.6,23527.65,23391,23502.75,102155200,3301.93
2017-06-19,23571.35,23806.65,23535.7,23742.15,60483537,2207.29
2017-06-20,23720.6,23760.35,23651.2,23697.95,71814671,2145.64
2017-06-21,23638.15,23760.75,23610.2,23708.75,62327766,1879.19
2017-06-22,23716.85,23897.85,23694.15,23736.1,79042264,2671.82
2017-06-23,23772.3,23786.5,23507.5,23542.75,74946434,2296.54
2017-06-27,23636.95,23640.1,23055.75,23216.25,101336046,3170.71
2017-06-28,23209.55,23322.55,23113.65,23235.85,95524464,3008.65
2017-06-29,23312.4,23476,23124.35,23227.3,146858174,4341.23
2017-06-30,23137.25,23254.1,22996.4,23211.2,70715291,2326.93
2017-07-03,23240.35,23330.1,23144.3,23272.8,51036105,1729.62
2017-07-04,23325.5,23363.05,23163.7,23214.2,55294067,1740.14
2017-07-05,23241.9,23380.35,23205.55,23352.6,89709252,1863.29
2017-07-06,23399.5,23540.15,23369.5,23466.65,130090775,2524.9
2017-07-07,23463.75,23492.6,23400.6,23449.15,88942526,1922.97
2017-07-10,23583.25,23964.8,23289.9,23675.05,36606673,704.9
2017-07-11,23744.55,23744.55,23552.6,23584.6,78963065,2486.24
2017-07-12,23623.75,23736.55,23523.65,23695.45,69663347,2115.83
2017-07-13,23817.25,23938,23811,23888.65,84983841,3415.57
2017-07-14,23949.5,23963.65,23755.95,23937.7,71052482,2242.23
2017-07-17,24011.4,24066.1,23913.65,24015.05,65783041,1947.9
2017-07-18,23958.15,24147.45,23942.1,24022.05,75082364,2216.31
2017-07-19,24069.2,24180.75,24053.7,24152.65,72823157,2589.27
2017-07-20,24170.65,24299.6,24170.65,24213.35,91515347,3668.17
2017-07-21,24231.4,24289.3,24066.9,24257.05,65322497,1978.15
2017-07-24,24307.7,24460.55,24234.65,24420.85,74481260,3185.24
2017-07-25,24622.9,24624.65,24450.2,24520.7,76545885,2988.16
2017-07-26,24578.15,24720.9,24484.9,24670.7,132701870,4678.1
2017-07-27,24857.5,25032.25,24799.4,24922.4,152249420,6518.92
2017-07-28,24744.55,24859.75,24651.05,24811.3,100038906,4508.13
2017-07-31,24880.6,25168.1,24828.5,25103.65,130095973,4618.56
2017-08-01,25152.85,25179.5,25000.9,25122.8,71831819,2830.18
2017-08-02,25190.4,25198.8,24926.25,25055.2,86354876,2658.97
2017-08-03,25002.85,25005.15,24619.6,24675.05,88206784,2681.36
2017-08-04,24629.5,24879.7,24591.8,24827.45,67776967,2226.83
2017-08-07,24854.15,24979.35,24844.45,24906.35,52223527,1703.9
2017-08-08,24942.2,24966.05,24534.35,24599.5,70792652,2438.61
2017-08-09,24519.25,24532.4,24328.1,24374.6,78290219,2396.27
2017-08-10,24300.45,24326.9,23822.2,24217.35,87718421,2991.1
2017-08-11,23958.25,24191.2,23868.3,23985.75,157833300,4723.82
2017-08-14,24051.05,24212.15,24038.15,24115.75,76330838,2457.95
2017-08-16,24188.75,24461.2,23947.45,24437.7,94859044,3108.17
2017-08-17,24495.2,24496.2,24121.55,24237.25,69545034,2126.94
2017-08-18,24125.3,24130.15,23925.95,24074.45,60046818,1848.07
2017-08-21,24140.55,24258.95,23882.25,23936.5,69872289,2438.35
2017-08-22,24080.6,24127.45,23852.65,23974.45,70219974,2376.56
2017-08-23,24084.95,24350,24074.15,24316.8,69104870,2237.97
2017-08-24,24374.75,24411.05,24224.85,24274.2,72359374,2608.19
2017-08-28,24351.25,24422.45,24301.35,24377.1,52177374,1685.7
2017-08-29,24302,24320.95,24103.3,24128.95,60922360,1975.39
2017-08-30,24253.05,24384.1,24241.3,24308.7,47423550,1608.21
2017-08-31,24354.35,24354.35,24207.7,24318.4,79848731,2870.65
2017-09-01,24389.2,24494.35,24319.2,24434,66906837,1827.58
2017-09-04,24456.3,24459.35,24156.4,24236.85,52531466,1554.69
2017-09-05,24272.6,24388.05,24256.3,24328.3,47757761,1582.7
2017-09-06,24192.4,24331.3,24151.1,24279.15,59006554,1996.25
2017-09-07,24324.85,24413.1,24246.9,24304.9,69696218,2419.01
2017-09-08,24409.5,24419.25,24273,24370.8,47085077,1785.72
2017-09-11,24468.5,24735.35,24458.25,24672.25,60804947,2973.08
2017-09-12,24779.15,24821.35,24653.6,24784.7,66927717,2387.58
2017-09-13,24818.35,24948.8,24737.8,24831.8,68334647,2053.95
2017-09-14,24857.25,24994.3,24815.5,24912.25,77726236,2746.95
2017-09-15,24840.3,24916.85,24791.55,24844.3,114568146,3754.49
2017-09-18,24948.15,25105.35,24941.75,25046.9,65913355,2319.84
2017-09-19,25059.75,25103.45,24993,25041.55,60118203,1863.2
2017-09-20,24984.65,25052.6,24938.3,24965.05,87376241,2610.17
2017-09-21,24934.1,24992.5,24706.45,24799.25,72279851,2145.8
2017-09-22,24704.55,24709.7,24340,24368.85,91287072,2875.23
2017-09-25,24361.55,24363.8,24015.45,24165.05,92662078,3078.06
2017-09-26,24105.6,24236.95,24017.4,24199.15,66244294,2220.85
2017-09-27,24308.7,24331.85,23766.6,23812.95,80405424,2548.12
2017-09-28,23804.05,24074.2,23611.1,24008.15,136679326,5130.27
2017-09-29,24114,24227.45,24004.8,24053,71703679,2472.66
2017-10-03,24200.6,24226.8,24007.25,24103.4,66828025,2261.64
2017-10-04,24124.15,24230.45,24058.65,24113.3,61740801,2015.35
2017-10-05,24114.75,24188.3,24033.35,24058.05,67125178,2146.7
2017-10-06,24083.55,24242.05,24074.35,24190,84205169,2506.11
2017-10-09,24209.55,24311.1,24156.05,24251.9,66557307,1901.84
2017-10-10,24304.8,24379.75,24273.65,24347.45,62757458,1937.3
2017-10-11,24411.45,24460.25,24054.25,24107.45,75494487,2241.67
2017-10-12,24151.45,24393.4,23978.4,24361.25,73274598,2349
2017-10-13,24411.1,24779.75,24387.8,24689.15,89300075,2661.99
2017-10-16,24815.4,24878.65,24516.55,24703.05,118314121,3043.5
2017-10-17,24697.25,24809.15,24571.85,24645.6,-0,-0
2017-10-18,24354.75,24454.65,24270.05,24313.75,161557992,5266.25
2017-10-19,24238.4,24255.3,23923.7,24009.75,-0,-0
2017-10-23,24085.45,24151,23912.55,24088.9,97553776,3190.93
2017-10-24,24141.95,24293.25,24032.65,24222.15,111802359,3651.65
2017-10-25,24980.65,25157.8,24560.75,25035.9,855272765,24451.16
2017-10-26,24953.95,25186.05,24864.6,25022.2,432393230,13581.88
2017-10-27,24887.6,24995.7,24798.65,24839.55,237949256,7212.61
2017-10-30,24873.65,25064.85,24808.55,24988.55,186719253,5431.39
2017-10-31,25042.1,25078.65,24948.1,25019.35,156985664,5192.78
2017-11-01,25197.3,25549.35,25171.75,25490.45,210657047,5748.96
2017-11-02,25508.4,25598.75,25405.5,25427.3,141562948,3892.7
2017-11-03,25531.4,25695.5,25394.95,25650.7,209613852,5690.55
2017-11-06,25569,25694.6,25529.5,25571.15,113274004,3522.05
2017-11-07,25669.1,25695.75,25248.95,25300.8,142004765,4339.06
2017-11-08,25375.8,25435.6,25119.5,25184.35,129898237,4361.33
2017-11-09,25281,25385.2,25166.15,25291.35,107367752,3437.47
2017-11-10,25250.9,25598.55,25237.2,25498.95,194999284,6170.67
2017-11-13,25570.25,25611.55,25337.25,25358.3,128569682,4353.19
2017-11-14,25352.55,25404.8,25223.1,25284.6,109491821,3473.83
2017-11-15,25241.65,25318.05,25166.35,25218.9,129989778,3765.7
2017-11-16,25292.9,25496.05,25273.7,25446.6,109711080,3078.71
2017-11-17,25875.7,25924.9,25679.55,25728.4,151001517,4336.13
2017-11-20,25733.7,25803.15,25681.7,25768.6,84963946,2806.98
2017-11-21,25829.3,25871.1,25726.5,25757.5,90303101,2801.27
2017-11-22,25805.65,25831.95,25665.85,25766.65,102044483,3098.39
2017-11-23,25826.3,25838.55,25620.95,25736.25,79020195,2607.45
2017-11-24,25776.6,25849,25749.1,25779.65,70107830,2198.91
2017-11-27,25693.05,25931.85,25673.5,25891.95,74084777,2335.02
2017-11-28,25830.45,25953.5,25795.5,25846.4,84399131,2848.45
2017-11-29,25829.65,25877.75,25746.8,25795.7,74982549,2328.48
2017-11-30,25693.8,25700.85,25246.85,25332.4,141631632,4652.64
2017-12-01,25409.55,25441.35,25152.65,25191.95,87545844,2616.4
2017-12-04,25295.05,25297.2,24993.35,25075.1,75646330,2245.68
2017-12-05,25030.75,25217.7,24921.3,25124.85,85698111,2548.03
2017-12-06,25066.3,25077.45,24813.6,24851.8,72791908,2305.27
2017-12-07,24935.3,25097.4,24875.35,25057.25,60226256,1861.55
2017-12-08,25145.5,25367.7,25145.5,25321.15,74109991,2643.7
2017-12-11,25434.75,25448.85,25318.7,25404.85,57217432,1831.26
2017-12-12,25413.4,25416.2,25108.6,25125.45,81540197,2547.35
2017-12-13,25118.2,25270.75,24938.55,25000.35,86127346,2666.3
2017-12-14,25062.4,25205.9,24888.65,25168.2,78224367,2334.37
2017-12-15,25487.15,25559.05,25411.25,25440.3,117591365,4853.16
2017-12-18,25181.75,25759.9,24617.15,25594.55,139126828,4276.89
2017-12-19,25640.9,25757.95,25619.6,25716.2,79480979,2425.56
2017-12-20,25779.05,25780.05,25566.05,25591.7,119152801,3314.47
2017-12-21,25608.25,25629.95,25508.9,25554.3,76744356,2385.9
2017-12-22,25615.6,25694.5,25560.5,25648.55,83031068,2348.24
2017-12-26,25659.75,25712.95,25545.6,25675.25,60209393,2051.24
2017-12-27,25652.85,25733.2,25429.55,25496.05,73081341,2086.71
2017-12-28,25463.6,25561.95,25417.4,25490,111429897,3447.81
2017-12-29,25484.85,25566.4,25450.25,25539.45,65580984,2235.28
2018-01-01,25565.75,25588,25271.55,25318.1,57576913,2037.55
2018-01-02,25382.2,25425.5,25232.8,25338.25,72033811,2270.36
2018-01-03,25425.75,25454.9,25300.9,25318.6,59730356,1958.21
2018-01-04,25367.65,25490.35,25310.3,25462.6,105995860,2646.62
2018-01-05,25524.45,25643.35,25499.55,25601.85,123622612,3188.08
2018-01-08,25690.25,25771.5,25643.8,25676.1,127527935,2727.53
2018-01-09,25727.95,25803.8,25617.25,25703.8,101820385,2617.13
2018-01-10,25709.9,25717.6,25527.5,25617.3,81094270,2168.32
2018-01-11,25628.2,25694.65,25532.25,25660.9,122695505,2960.91
2018-01-12,25732.4,25775.15,25557.6,25749.05,110836433,2926.84
2018-01-15,25858.15,26091.8,25842.95,26069.2,192163936,4226.08
2018-01-16,26129.15,26136.4,25931.7,25974.9,169867241,3770.65
2018-01-17,25946.15,26335.85,25922.3,26289.1,172092208,4554.66
2018-01-18,26762.25,26887.65,26423.75,26537.4,224021671,7050.86
2018-01-19,26615.65,26957.85,26433.55,26909.5,134390957,4160.2
2018-01-22,26940.5,27074.9,26841.2,27041.2,113869602,4222.79
2018-01-23,27089.95,27422.05,27066.15,27390.6,169332288,5229.45
2018-01-24,27310.15,27479.25,27219.45,27398.55,174331160,4734.19
2018-01-25,27414.1,27522.85,27151.75,27445.65,193342305,6057.2
2018-01-29,27446.1,27652.05,27407.4,27498.45,114099251,3779.23
2018-01-30,27466.85,27470.25,27242.05,27269.05,111009534,3453.72
2018-01-31,27136.25,27455.75,27116.95,27379.45,109507598,3640.41
2018-02-01,27334.85,27613.5,27046.35,27220.7,131188028,4790.53
2018-02-02,27017.4,27017.55,26364.05,26451.15,147521488,4330.16
2018-02-05,25968.15,26215.1,25917.55,26098.75,122729724,3842.46
2018-02-06,25140.1,26140.6,25023.85,25811.3,153713739,4777.31
2018-02-07,26065.4,26078.4,25558.05,25670,121038215,3663.61
2018-02-08,25759.85,26126.4,25637.4,25920.65,91011548,2686.18
2018-02-09,25466.3,25598.3,25371,25463.65,75985052,2520.27
2018-02-12,25530.1,25757.85,25485.4,25701.6,161180184,4127.51
2018-02-14,25810.25,25810.25,25212.35,25341.25,197286979,4757.09
2018-02-15,25360.9,25615.15,25295.15,25424.35,291475391,6015.58
2018-02-16,25511.95,25601,25100.9,25163.9,278142760,5275.87
2018-02-19,25324.6,25326.05,24824.55,25058.55,273464127,5217.27
2018-02-20,25105.55,25158.1,24829,24874.4,258222746,4721.89
2018-02-21,24996.6,24999.7,24796.35,24936.7,152405865,3527.6
2018-02-22,24812.7,24987.05,24781.7,24955.2,167442673,4865.92
2018-02-23,25002.25,25345.15,24962.85,25302.5,127862871,2800.1
2018-02-26,25452,25722.15,25381.2,25687.9,110903837,2678.89
2018-02-27,25684.6,25723.55,25356.4,25383.6,289806608,4594.31
2018-02-28,25116.25,25192.95,24942,25107.4,311474002,5010.14
2018-03-01,25022.35,25226.05,24854.4,24902.55,214529321,4160.86
2018-03-05,24831.35,24873.05,24682,24818.7,138679764,3083.52
2018-03-06,24964.1,25040.25,24362.05,24448.45,135108832,3586.37
2018-03-07,24333.85,24373.4,24096.75,24134.1,187523331,4460.36
2018-03-08,24273.9,24534.5,24048.55,24477.65,169549517,4215.95
2018-03-09,24556.95,24564.75,24259.7,24296.45,-0,-0
2018-03-12,24443.6,24716.05,24358.5,24664.2,165215227,3391.7
2018-03-13,24624.6,25009.65,24597.55,24738.65,235984528,4796.93
2018-03-14,24629.65,24894.3,24487,24851.65,209048209,3970.26
2018-03-15,24854.3,24939.85,24732,24791.85,130382242,2965.53
2018-03-16,24753.65,24785.35,24439.15,24489.55,189684825,4972.47
2018-03-19,24530.15,24588.05,24186.95,24245.1,147614260,3469.57
2018-03-20,24133.95,24355.65,24082.95,24168.2,127991875,2880.1
2018-03-21,24331.3,24459.75,24208.65,24255.6,-0,-0
2018-03-22,24252.95,24314.4,24094.85,24141.5,131439602,3671.41
2018-03-23,23785.65,23796.3,23605.6,23670.4,180649286,5169.06
2018-03-26,23674.9,24290.65,23657.05,24244.35,193627423,5403.07
2018-03-27,24396.4,24496.95,24266.4,24434.15,178620655,4150.3
2018-03-28,24299.5,24361,24203.4,24263.35,183841858,5211.9
2018-04-02,24235.65,24373.4,24062.95,24328.5,-0,-0
2018-04-03,24285.95,24538,24254.35,24510.6,-0,-0
2018-04-04,24502.5,24666.3,24087.8,24129.5,126222576,3124.06
2018-04-05,24394.45,24824.9,24380.85,24759.8,133764907,3277
2018-04-06,24776.35,24933.6,24626.4,24873.15,160970708,3373.86
2018-04-09,24848.85,25152.85,24828,25093.8,-0,-0
2018-04-10,25153.6,25279.9,25120.2,25226.8,171760040,4700.75
2018-04-11,25198.35,25207.05,24950.3,25098.25,107073367,2600.16
2018-04-12,25076.9,25244.8,24969.4,25195.1,111777276,2910.3
2018-04-13,25239.65,25411.3,25076.85,25200.6,110293693,3092.82
2018-04-16,25082.1,25348.55,25067.35,25320.85,89034228,2419.76
2018-04-17,25383.75,25402.55,25224,25334.45,89721865,2271.22
2018-04-18,25426.75,25426.75,25058.75,25102.3,-0,-0
2018-04-19,25206.45,25207.3,25049.7,25126.15,95466036,2862.17
2018-04-20,25126.8,25126.8,24839.3,24943.85,109581669,3213.87
2018-04-23,25065.5,25084.15,24466.1,24960.65,82787891,2792.74
2018-04-24,24972.2,25123.45,24955,25042.1,87396011,2569.82
2018-04-25,24993.4,24993.4,24734.6,24814.4,81840418,2183.16
2018-04-26,24833.2,25064,24753.4,25010.9,173426201,5472.93
2018-04-27,25030.15,25441.5,25029.65,25394.6,232368278,7611.56
2018-04-30,25490.15,25617.5,25464.8,25531.6,124580678,4038.16
2018-05-02,25607.05,25716.75,25499.35,25568.3,117929750,4671.44
2018-05-03,25547.9,25653.45,25469.05,25605.25,100388024,3153.73
2018-05-04,25632.3,25680.4,25537.7,25645.4,97343104,2601.08
2018-05-07,25676.25,25913.5,25675.15,25852.05,92743092,2919.95
2018-05-08,26074.15,26116.25,25954.6,26090.5,198848914,5933.21
2018-05-09,25988.1,26206.5,25946.3,26154.45,96440863,2809.4
2018-05-10,26216.1,26266.4,26057.2,26131,214481883,4182.07
2018-05-11,26173.7,26437.25,26099.85,26413.15,109005797,2559.59
2018-05-14,26404.45,26565.4,26338.05,26475.15,97254252,2350.74
2018-05-15,26494.9,26972.05,26407.3,26474,150002630,3797.98
2018-05-16,26269.35,26428.35,26102.15,26182.15,232083519,4137.85
2018-05-17,26233.2,26283.55,26012,26073.8,126926383,2743.08
2018-05-18,26025.6,26032,25839,25875.6,113573727,2898.79
2018-05-21,26017.5,26066.75,25685.35,25750.8,120004208,2859.7
2018-05-22,25780.25,25945.65,25701.35,25777.7,179388885,3854.09
2018-05-23,25726.95,25903.9,25622.15,25684.95,170573849,4225.48
2018-05-24,25722.9,26073.1,25658.4,26016.8,110029603,2831.27
2018-05-25,26066.75,26325.55,26031.45,26273.55,98939554,2451.82
2018-05-28,26291.65,26713.65,26273.9,26614.25,136868774,3135.71
2018-05-29,26567.25,26570.95,26221.1,26254.8,106152966,2563.9
2018-05-30,26039.9,26405.45,25980.85,26327.8,118974102,3093.1
2018-05-31,26587,27164.55,26354.55,26956.2,318900279,7879.98
2018-06-01,26913.4,26996.8,26658.55,26692.8,132336254,4017.91
2018-06-04,27023.7,27047.55,26205.9,26257.55,137561064,7188.74
2018-06-05,26263,26342.4,26069.55,26251,107940100,3169.87
2018-06-06,26266.9,26425.2,26147.8,26367.6,144159415,3007.56
2018-06-07,26577.95,26766.95,26483.9,26517.8,131294980,3421.62
2018-06-08,26457.25,26481,26284.2,26451.35,115660362,2840.81
2018-06-11,26473.2,26653,26421.95,26453.55,144115066,3245.59
2018-06-12,26566.6,26656.45,26449.85,26607.1,132109351,3130.92
2018-06-13,26721.95,26765.45,26598.2,26642.8,116844183,3247.43
2018-06-14,26612.3,26623.25,26503.1,26562.25,99120546,3053.24
2018-06-15,26513.7,26586.4,26344.95,26417.4,147563095,4291.75
2018-06-18,26444.3,26477.5,26322.45,26409.3,101362059,2768.39
2018-06-19,26448.1,26448.1,26224.75,26265.75,112377787,3350.41
2018-06-20,26320.45,26574.75,26309.95,26557.7,105129754,2731.02
2018-06-21,26645.3,26682.95,26454.95,26496.95,122194668,3194.16
2018-06-22,26518.4,26806.55,26364.25,26766.85,127690793,2984.13
2018-06-25,26718.15,26804.9,26573,26609.7,89753825,2294.57
2018-06-26,26495.65,26712.6,26479.65,26601.7,97355424,2542.42
2018-06-27,26616.3,26634.3,26336.5,26423.4,124787831,3704.42
2018-06-28,26398.1,26487.85,26161,26324.6,242245847,5891.37
2018-06-29,26312.7,26465,26291.35,26364.2,128238510,3866.66
2018-07-02,26364.45,26371.6,26060.6,26230.3,174872280,4472.48
2018-07-03,26210.1,26316.1,26142,26204.1,104588044,2547.8
2018-07-04,26249.25,26480.5,26132.9,26433.95,82888322,2201.98
2018-07-05,26481.55,26598.45,26415.2,26503.3,91431872,2632.52
2018-07-06,26427.55,26609.85,26410,26493.85,120291139,3037.92
2018-07-09,26642.35,26781.2,26611.55,26753.3,101833058,2986.56
2018-07-10,26844.55,26939.55,26778.5,26894.55,103574099,3700.96
2018-07-11,26900.65,26938.85,26774.6,26816.2,91728787,2611.23
2018-07-12,26937.5,27164.8,26936.05,27026.55,108520112,2970.49
2018-07-13,27046.85,27102.35,26902.3,26935.95,102571130,2814.78
2018-07-16,26914.5,26939.05,26643.95,26679.8,105758457,2848.73
2018-07-17,26662.85,27041.35,26653.65,27008.1,217931631,3847.03
2018-07-18,27107.35,27187.15,26834.45,26880.9,192207622,4231.03
2018-07-19,26960.2,27025.45,26730.1,26789.65,130746919,3820.62
2018-07-20,26764.4,26946.55,26718.6,26873.2,84205472,2800.09
2018-07-23,26701.3,27040.1,26671.35,27008.15,125717272,3638.84
2018-07-24,26984.15,27128,26868.15,26974.4,115100157,2833.32
2018-07-25,26992.55,27074,26939.35,27031.3,100793998,3015.78
2018-07-26,27054.7,27455.1,27045.05,27406.4,256486512,7635.5
2018-07-27,27497.8,27661.05,27455,27634.4,215768964,5073.75
2018-07-30,27767.65,27873.7,27607.95,27842.6,308460689,6975.01
2018-07-31,27797.2,27839.2,27651.3,27764.15,185189252,5102.6
2018-08-01,27684.8,27820.15,27477.9,27596.6,152825700,3734.84
2018-08-02,27469.5,27487.9,27327.95,27355.95,119103729,3215.97
2018-08-03,27471.95,27723,27448.15,27695.5,164821344,4529.27
2018-08-06,27769.55,27994,27766.05,27898.5,184016610,5115.36
2018-08-07,27972.95,27988.2,27827.3,27875.9,249213872,5160.75
2018-08-08,27930.55,28128.65,27858.75,28062.45,149989901,3628.81
2018-08-09,28173.65,28363.4,28132,28320,254180287,7260.85
2018-08-10,28348.95,28377.9,28087.65,28124.25,285470698,7773.78
2018-08-13,27760.8,27911.85,27739.5,27794.4,165765211,4690.84
2018-08-14,27864.4,28053.05,27854.9,28021.7,116466884,3336.18
2018-08-16,27836.15,28013.1,27779.5,27826.55,185103463,5983.13
2018-08-17,27991.75,28178.15,27953.8,28128.55,156310659,4475.5
2018-08-20,28171.65,28322.3,28171.65,28274.25,177840658,3902.35
2018-08-21,28295.85,28305.95,28151.9,28257.9,142439166,3981.61
2018-08-23,28321.95,28325.45,27965.35,28027.9,133387354,4353.4
2018-08-24,27954.25,28122.75,27782.8,27834.7,169952869,4734.87
2018-08-27,27971.25,28317.75,27958.2,28264.2,146706980,4960.34
2018-08-28,28379.9,28388.65,28152.7,28269.65,144026112,4298.92
2018-08-29,28233.4,28344.1,28167.8,28224.1,168875762,5230.8
2018-08-30,28233.7,28233.7,27961.75,28103.25,186360757,6092.45
2018-08-31,27998,28157.35,27940.95,28061.75,229622699,7069.12
2018-09-03,28199.45,28203.2,27777.4,27819.5,127011210,3746.12
2018-09-04,27845.55,27875.15,27385.85,27430.75,165858496,4714.18
2018-09-05,27409.3,27506.3,27136.05,27376.05,131880484,3854.47
2018-09-06,27464.25,27552.8,27246.25,27468.7,120287292,3808.19
2018-09-07,27439.25,27512.5,27232.8,27481.45,144905496,4409.73
2018-09-10,27395.2,27404.85,27142.55,27201.75,178147552,6363.64
2018-09-11,27295.2,27318.45,26772.25,26807.5,160826279,5575.27
2018-09-12,26895.15,26895.15,26555.15,26819.2,174201027,4921.26
2018-09-14,27059.85,27205.75,26989.8,27163.85,136633270,4403.1
2018-09-17,27002.6,27002.6,26743.4,26820.3,115283101,3192.51
2018-09-18,26757,26901.05,26407.45,26441.45,308575632,6201.28
2018-09-19,26532,26611.6,26235.7,26277.35,244393690,5745.5
2018-09-21,26331.05,26490.4,25053.35,25596.9,547285580,14634.54
2018-09-24,25645.05,25649.7,24904.5,24970.35,272396270,7233.55
2018-09-25,24947.7,25406.95,24678.25,25330.35,329548199,8339.92
2018-09-26,25525.1,25525.1,25197.35,25376.3,215055339,5556.79
2018-09-27,25442.1,25452.5,25007.05,25042.15,262822577,6524.63
2018-09-28,25135.8,25354.7,24919.25,25119.85,367109389,7890.09
2018-10-01,24943.9,25412.15,24707.65,25367,304703170,8248.86
2018-10-03,25290.55,25470.05,25026.35,25069.9,261054513,7025.24
2018-10-04,24735.15,24893.4,24501.05,24819.3,245813411,6980.52
2018-10-05,24741.65,25080.2,24250.65,24443.45,230429144,6217.03
2018-10-08,24470.75,24745.35,24240.05,24618.35,223867274,5799.32
2018-10-09,24703.65,24759.9,24464.9,24527.65,175374004,4179.44
2018-10-10,24596.6,25371.15,24559.9,25321.7,227005049,5962.1
2018-10-11,24541.75,24940.1,24493.7,24783.95,255410789,6721.36
2018-10-12,25001.95,25484.2,24975.45,25395.85,200602244,5803.45
2018-10-15,25444,25466.2,25147.8,25388.05,146636264,4393.26
2018-10-16,25414.2,25707.05,25351.8,25589.65,226063396,5917.4
2018-10-17,25839.1,25915.35,25101.95,25188.6,182759960,4927.19
2018-10-19,24966.5,25277.9,24922.65,25085.8,200900442,5390.27
2018-10-22,25484.25,25504.75,25021.35,25078.6,172423369,6136.64
2018-10-23,24786.9,25124.6,24784.9,24972.45,144911236,5373.28
2018-10-24,25312.7,25356.9,24839.65,25064.2,176623910,5399.39
2018-10-25,24841.5,24977.35,24696.85,24817.45,215033794,6855.91
2018-10-26,24771.85,24771.95,24353.1,24421.05,219130974,5370.59
2018-10-29,24647.95,25023.75,24404.55,24959.7,279844102,8145.83
2018-10-30,24924.75,25121.5,24686.85,24807.75,257591034,6320.86
2018-10-31,24823.8,25201.3,24528.35,25153.25,241789641,6831.52
2018-11-01,25285.2,25401.6,25129.45,25323.65,216612149,6629.38
2018-11-02,25545.35,25856.25,25499.15,25701.65,297782501,7743.94
2018-11-05,25731.55,25788.2,25534.4,25732.2,188023500,5530.01
2018-11-06,25747.4,25860.75,25558.35,25598,162090341,5015.97
2018-11-07,25818.1,25824.4,25698.1,25737.5,18966564,498.12
2018-11-09,25742.55,25822.75,25598.75,25771,145005871,4275.96
2018-11-12,25816.15,25907.2,25495.1,25539.75,115950746,3409.51
2018-11-13,25422,25796.5,25384.55,25768.6,141869413,3960.71
2018-11-14,25952.4,26045.05,25806.7,25930.15,194940269,6211.45
2018-11-15,25946.2,26197.6,25728,26154.75,171790148,4842.53
2018-11-16,26205.35,26332.75,26122.55,26245.55,235671044,6161.73
2018-11-19,26364.6,26379.1,26204.35,26300.7,172343045,4593.46
2018-11-20,26211.5,26259.4,26041.8,26113.35,189681759,4547.93
2018-11-21,26105.45,26342.05,26060.55,26262.05,159319280,4105.57
2018-11-22,26233.65,26323.95,25947.85,25999.45,153931487,3578.29
2018-11-26,26096,26396.6,26025.05,26365.6,174542785,4851.74
2018-11-27,26286.1,26491.25,26268.65,26443.1,176101916,4878.41
2018-11-28,26489.65,26584.95,26419.65,26457.95,255358541,6055.94
2018-11-29,26641.6,27003.75,26577.15,26939.6,472107464,11697.23
2018-11-30,27009.3,27012.7,26764.9,26862.95,228852954,5768.23
2018-12-03,27032.9,27037.1,26791.65,26857.55,205823981,4958.19
2018-12-04,26809.5,26843.8,26644.75,26693.8,172608502,4095.43
2018-12-05,26572.1,26627.35,26443.65,26519.6,144478743,4026.28
2018-12-06,26339.1,26359.9,26149.45,26198.3,139141747,3758.91
2018-12-07,26307.4,26659.7,26252.1,26594.3,185529990,7950.15
2018-12-10,26073.65,26336.2,26072,26102.65,156932519,5857.99
2018-12-11,25602.25,26227.9,25598.95,26163.4,264187458,7737.87
2018-12-12,26286.25,26672.7,26214.75,26643.85,215679380,5612.44
2018-12-13,26844.15,26951.45,26723.65,26816.35,236399763,5611.02
2018-12-14,26810.85,26909,26732.7,26826,168458080,3706.72
2018-12-17,26915.45,27051.4,26908.6,27015.8,118695599,3813.3
2018-12-18,26917.3,27210.05,26840.8,27174.7,158144343,3755.54
2018-12-19,27229.05,27364.35,27214.3,27298.4,215616915,5199.28
2018-12-20,27128.65,27309.1,27084.5,27275.1,191698257,4427.58
2018-12-21,27261.25,27369.1,26823.1,26869.65,177065617,4099.45
2018-12-24,26877.05,26934.85,26676.95,26714.75,128003648,2772.52
2018-12-26,26634,27029.15,26408.15,26986.8,148910853,3447.39
2018-12-27,27200.65,27239.95,26845.1,26878.55,169903194,4347.66
2018-12-28,27048.4,27213.45,27039.6,27125.25,109836090,3095.11
2018-12-31,27267.8,27286.5,27105,27160.2,83813951,2374.23
