Date,Open,High,Low,Close,Adj Close,Volume
2013-01-01,6055.5,6059.95,6025.05,6033.3,6033.3,5718648
2013-01-02,6049.9,6063.85,6018.3,6031,6031,7275859
2013-01-03,6045.35,6111.35,6034.95,6097.6,6097.6,14288651
2013-01-04,6118.5,6159.8,6108,6153.2,6153.2,14690386
2013-01-07,6159.35,6190.55,6141.2,6175.45,6175.45,9989383
2013-01-08,6160.75,6173.75,6115.15,6147.9,6147.9,11889201
2013-01-09,6143.95,6177.3,6091.2,6101.05,6101.05,10751985
2013-01-10,6109.15,6131.15,6057.45,6073.1,6073.1,12195957
2013-01-11,6370.4,6654.65,6370.4,6639.85,6639.85,35533400
2013-01-14,6719.75,6846.15,6716.85,6809.5,6809.5,23165837
2013-01-15,6884.35,6898.7,6780.4,6791.5,6791.5,21541818
2013-01-16,6785.2,6792.3,6738.65,6777.95,6777.95,18184400
2013-01-17,6833.05,6896.05,6822.7,6869.45,6869.45,23121070
2013-01-18,6885.9,6890.1,6786.95,6798.7,6798.7,21873228
2013-01-21,6772.05,6823.4,6756.4,6789.4,6789.4,11468105
2013-01-22,6782.45,6788.7,6731,6739.65,6739.65,10133255
2013-01-23,6734,6767.85,6707.3,6725.8,6725.8,14151387
2013-01-24,6742,6799.2,6732.7,6742.4,6742.4,14250450
2013-01-25,6752.65,6817.85,6736.85,6800.75,6800.75,18276874
2013-01-28,6796.3,6848.5,6785.4,6822.7,6822.7,13114037
2013-01-29,6808.05,6849.45,6783.15,6792.3,6792.3,8822745
2013-01-30,6794.95,6806.35,6776.9,6787.85,6787.85,9248936
2013-01-31,6789.8,6807.75,6733,6778,6778,12888087
2013-02-01,6779,6802.9,6732.05,6752.65,6752.65,7502737
2013-02-04,6766.65,6794.5,6728.8,6750.25,6750.25,6639717
2013-02-05,6724.4,6771,6720.05,6728.7,6728.7,7168106
2013-02-06,6760.6,6775.9,6738.25,6766.8,6766.8,11278744
2013-02-07,6762.3,6813.15,6762.3,6799,6799,12531757
2013-02-08,6793.75,6909.55,6793.75,6852.7,6852.7,13270003
2013-02-11,6872.9,6890.75,6826.3,6832.05,6832.05,21861159
2013-02-12,6799.9,6809.25,6766.75,6791.9,6791.9,9377666
2013-02-13,6796.45,6897.75,6779.65,6884.15,6884.15,11990584
2013-02-14,6878.25,6939.75,6878.25,6900.35,6900.35,14181569
2013-02-15,6866.7,6876.35,6826.5,6864.15,6864.15,9172831
2013-02-18,6853.35,6858.85,6808,6834.7,6834.7,7593063
2013-02-19,6832,6944,6813.55,6936.25,6936.25,10285354
2013-02-20,6937.4,6977.7,6937.4,6972.05,6972.05,12936489
2013-02-21,6929.5,6985.3,6924.8,6939.85,6939.85,15307119
2013-02-22,6924.45,7018.55,6924.45,6992.85,6992.85,12939296
2013-02-25,7026.2,7126.95,7026.2,7095.2,7095.2,29061664
2013-02-26,7082.85,7172.05,7082.85,7156.75,7156.75,24279074
2013-02-27,7144.85,7155.9,7064.3,7072.5,7072.5,40304753
2013-02-28,7084.8,7160.75,7069.65,7106.65,7106.65,30903940
2013-03-01,7116.3,7171.95,7090.95,7117.7,7117.7,33814388
2013-03-04,7112.5,7163.7,7062.6,7101.65,7101.65,19131689
2013-03-05,7131.8,7205.8,7117.6,7200.2,7200.2,19634280
2013-03-06,7227.7,7314.9,7226.75,7305.9,7305.9,14098919
2013-03-07,7319.9,7420.45,7319.9,7410.25,7410.25,21534871
2013-03-08,7391.55,7402.55,7344.15,7357,7357,17915494
2013-03-11,7355.75,7380.1,7290.25,7304.6,7304.6,17219221
2013-03-12,7286.65,7295.55,7232.25,7253.2,7253.2,10365738
2013-03-13,7211.25,7211.25,7159.35,7170.4,7170.4,12363049
2013-03-14,7180.95,7242,7131.95,7212.4,7212.4,11238796
2013-03-15,7221.85,7277.2,7212.3,7224.35,7224.35,13009097
2013-03-18,7190.85,7227.45,7166.85,7198.65,7198.65,8038844
2013-03-19,7213.25,7229.2,7140,7152.55,7152.55,12293899
2013-03-20,7153.85,7179.75,7115.65,7158.25,7158.25,13596944
2013-03-21,7186.35,7220.05,7157.1,7168.05,7168.05,9316043
2013-03-22,7140.45,7149.7,7085.15,7119.8,7119.8,10941306
2013-03-25,7113.05,7131.9,7072.75,7105.95,7105.95,11821166
2013-03-26,7094.55,7163,7072.1,7137.05,7137.05,8782316
2013-03-28,7153.6,7232.1,7147.25,7219.05,7219.05,18035160
2013-04-01,7230.65,7298.95,7230.65,7264.35,7264.35,12248514
2013-04-02,7249.35,7337.45,7232.1,7325.25,7325.25,10047476
2013-04-03,7305.6,7354.3,7248.4,7271.9,7271.9,9890987
2013-04-04,7232.65,7232.65,7060.65,7072.7,7072.7,10637548
2013-04-05,7066.85,7098.65,7018.45,7047.35,7047.35,7293853
2013-04-08,7027.9,7057,6968.35,6977.1,6977.1,6946763
2013-04-09,6984.85,7023.9,6892.25,6905.7,6905.7,10086661
2013-04-10,6977.8,7058.25,6939.65,7042.95,7042.95,8970070
2013-04-11,7125.8,7221.7,7066.3,7200.35,7200.35,12204075
2013-04-12,6726.4,6726.4,6321.65,6354.9,6354.9,23047055
2013-04-15,6348.65,6370.8,6177.45,6342.7,6342.7,16867274
2013-04-16,6305.05,6327.4,6266.15,6301.1,6301.1,7706190
2013-04-17,6352.3,6370.95,6190.1,6235.85,6235.85,15051078
2013-04-18,6282.5,6294.1,6199.25,6232.6,6232.6,11291010
2013-04-22,6217.15,6233.3,6106.9,6118.25,6118.25,12868360
2013-04-23,6127.2,6181.1,6127.2,6156.9,6156.9,10076518
2013-04-25,6141,6141,6053.75,6059.8,6059.8,15673566
2013-04-26,6036.75,6046.25,5964.45,5972.7,5972.7,11304127
2013-04-29,5959.45,6052.25,5936.4,6015.45,6015.45,13808355
2013-04-30,6017.75,6055.5,6001.7,6047.7,6047.7,10965185
2013-05-02,6035.4,6211.6,6035.4,6205.9,6205.9,12590875
2013-05-03,6211.8,6267.45,6208.3,6224.7,6224.7,9015052
2013-05-06,6238.85,6351.15,6238.85,6343.25,6343.25,9529270
2013-05-07,6356.35,6379.9,6313.85,6372.75,6372.75,8440039
2013-05-08,6393.8,6412.85,6365.8,6380.15,6380.15,10109366
2013-05-09,6389.15,6449.5,6389.15,6426.45,6426.45,8393300
2013-05-10,6429.85,6476.55,6416.6,6439.85,6439.85,5632913
2013-05-11,6422.45,6426.8,6404.65,6419,6419,714807
2013-05-13,6398.55,6407.45,6309.75,6316,6316,6003376
2013-05-14,6322.1,6371.45,6298.4,6328.05,6328.05,6229461
2013-05-15,6332.45,6375.95,6316.55,6359.7,6359.7,8151667
2013-05-16,6347.55,6347.55,6264.85,6292.15,6292.15,8120999
2013-05-17,6299,6372.7,6299,6331.05,6331.05,9170803
2013-05-20,6323.9,6382.1,6323.9,6358.75,6358.75,6497790
2013-05-21,6348.25,6458.7,6348.25,6421,6421,7425849
2013-05-22,6440.5,6500.4,6411.5,6420.2,6420.2,8673354
2013-05-23,6411.55,6497.9,6372.3,6378.45,6378.45,7230015
2013-05-24,6396.75,6431.95,6314.15,6330.8,6330.8,5912883
2013-05-27,6322.55,6427.3,6298.65,6410.95,6410.95,7348508
2013-05-28,6409.75,6441.6,6385.7,6431.6,6431.6,5092223
2013-05-29,6441.85,6492.8,6355.65,6396.25,6396.25,5745502
2013-05-30,6371.5,6419.95,6344.5,6390.4,6390.4,12079485
2013-05-31,6381.95,6483.9,6381.45,6472.05,6472.05,9389132
2013-06-03,6627.95,6758.8,6511.05,6551.65,6551.65,10076736
2013-06-04,6511.55,6554.9,6469.95,6516.65,6516.65,9597235
2013-06-05,6490.8,6508.2,6465.4,6474,6474,8035189
2013-06-06,6433.85,6484.55,6417.95,6451.55,6451.55,7174033
2013-06-07,6440.9,6588.15,6440.9,6540.05,6540.05,18368202
2013-06-10,6571.2,6633.1,6568.15,6604.7,6604.7,13058227
2013-06-11,6615.7,6661.7,6523.95,6550.95,6550.95,10556504
2013-06-12,6521.85,6562.95,6424.45,6438.6,6438.6,8840788
2013-06-13,6427.6,6427.6,6316.35,6334.6,6334.6,7313850
2013-06-14,6359.1,6395.85,6323.5,6370.4,6370.4,6847751
2013-06-17,6394.25,6438.05,6358.55,6423.2,6423.2,8781969
2013-06-18,6436.25,6471.35,6418.85,6451.95,6451.95,8316322
2013-06-19,6468.85,6468.85,6387.55,6435.1,6435.1,7539501
2013-06-20,6408.7,6433.1,6259.5,6290.15,6290.15,9974571
2013-06-21,6296.65,6398.7,6296.65,6381.85,6381.85,10910002
2013-06-24,6353.35,6376.75,6284.1,6309.45,6309.45,8546423
2013-06-25,6309.1,6335.4,6246.4,6268.85,6268.85,9970756
2013-06-26,6298.55,6400.5,6277.05,6378.35,6378.35,8062537
2013-06-27,6428.75,6607.15,6424.25,6587.15,6587.15,13333844
2013-06-28,6586.7,6648.6,6489.15,6634.15,6634.15,12199576
2013-07-01,6589.3,6589.3,6515.3,6526.45,6526.45,6918450
2013-07-02,6527.5,6564.7,6463.25,6474.25,6474.25,7616250
2013-07-03,6464.8,6547,6404.65,6451.3,6451.3,9518186
2013-07-04,6490.2,6640.7,6487.4,6633.2,6633.2,10571024
2013-07-05,6646.75,6674.35,6591.35,6604.7,6604.7,7573187
2013-07-08,6640.25,6653.35,6594.9,6607.95,6607.95,8003769
2013-07-09,6609,6681.75,6609,6653.9,6653.9,7391482
2013-07-10,6672.6,6710.4,6658.9,6690.95,6690.95,9571426
2013-07-11,6748.75,6823.5,6748.75,6799.5,6799.5,9764982
2013-07-12,7173.45,7361,7157.25,7249.4,7249.4,18449503
2013-07-15,7216.8,7261.35,7164,7225.4,7225.4,11738448
2013-07-16,7132.7,7278.3,7122.35,7208.8,7208.8,8583208
2013-07-17,7203.6,7300,7203.6,7272,7272,9549151
2013-07-18,7286.7,7362.2,7245.65,7306.35,7306.35,10721517
2013-07-19,7400.35,7545.1,7400.35,7503.7,7503.7,23178626
2013-07-22,7472.15,7590.3,7468.25,7556.55,7556.55,10071797
2013-07-23,7579.1,7650.6,7579.1,7604,7604,12381525
2013-07-24,7569.05,7687.25,7569.05,7669.25,7669.25,14228002
2013-07-25,7660.7,7720.6,7629.85,7678.15,7678.15,16304902
2013-07-26,7699,7747.05,7650.1,7663,7663,10388873
2013-07-29,7638.8,7708.95,7633.9,7673.3,7673.3,8975744
2013-07-30,7694.55,7762.2,7689.75,7718.85,7718.85,9837874
2013-07-31,7738.25,7808.5,7708.65,7787.35,7787.35,14964070
2013-08-01,7811.45,7822.6,7727.95,7777.1,7777.1,36078378
2013-08-02,7793.95,7895.5,7793.95,7858.35,7858.35,32282691
2013-08-05,7838.65,7951.55,7838.65,7916.5,7916.5,32061127
2013-08-06,7920.95,7933.6,7839.35,7877.15,7877.15,21982484
2013-08-07,7876.35,7934.75,7738.15,7767.75,7767.75,21385369
2013-08-08,7710.4,7816.4,7687,7801.45,7801.45,14480742
2013-08-12,7820.1,7874.95,7781.95,7841.45,7841.45,13989664
2013-08-13,7860.1,7989.25,7860.1,7976.25,7976.25,12373892
2013-08-14,7971.9,8032.25,7874.1,7956.1,7956.1,21212089
2013-08-16,7879.45,7910.4,7724.95,7774.2,7774.2,24726275
2013-08-19,7811.85,7870.4,7708.75,7793.2,7793.2,17324526
2013-08-20,7828.2,7828.2,7677.85,7693.5,7693.5,18087694
2013-08-21,7679.2,7679.2,7549.1,7594.05,7594.05,18128173
2013-08-22,7614.85,7796.1,7563.25,7777.5,7777.5,13972374
2013-08-23,7786.35,7902.5,7761.35,7893.2,7893.2,16498774
2013-08-26,7908.6,8047.4,7893.85,7958.65,7958.65,21726276
2013-08-27,7952.55,8073.9,7952.55,7975.8,7975.8,13637709
2013-08-28,7948.65,8222.65,7948.65,8175.3,8175.3,14737602
2013-08-29,8110.05,8286.9,8083.9,8246.9,8246.9,19542395
2013-08-30,8225.65,8406.65,8196,8382.4,8382.4,33968989
2013-09-02,8325.85,8423.8,8325.85,8396.9,8396.9,16502876
2013-09-03,8380.65,8410.95,8226.25,8259.4,8259.4,15423496
2013-09-04,8293,8499.55,8293,8454.1,8454.1,14231607
2013-09-05,8437.95,8437.95,8185.4,8203.4,8203.4,21197274
2013-09-06,8224.65,8310.8,8172,8216.5,8216.5,18316554
2013-09-10,8211.9,8443.75,8211.9,8411.05,8411.05,17887312
2013-09-11,8421.3,8465.1,8360.9,8373.25,8373.25,27137335
2013-09-12,8367.05,8381.45,8222.4,8270.15,8270.15,28850933
2013-09-13,8257.85,8290,8152.9,8172.65,8172.65,25786094
2013-09-16,8172.3,8212.6,8005.1,8017.2,8017.2,17963989
2013-09-17,8048.1,8166.6,8030.35,8154.25,8154.25,16596487
2013-09-18,8160.4,8183.1,8119.55,8159.1,8159.1,18291774
2013-09-19,8130.6,8218,8093.8,8156.95,8156.95,12872779
2013-09-20,8119.25,8225.8,8119.25,8132.8,8132.8,16327850
2013-09-23,8137.95,8256.9,8133.4,8200.7,8200.7,11324426
2013-09-24,8217.65,8250.85,8132.65,8169.1,8169.1,15533191
2013-09-25,8192.95,8218,8116.45,8187.55,8187.55,22045217
2013-09-26,8212.1,8225.35,8139.9,8157.8,8157.8,20162677
2013-09-27,8176.4,8249,8147.75,8166.55,8166.55,12821340
2013-09-30,8196.4,8263.85,8136.85,8167.8,8167.8,19008363
2013-10-01,8195.05,8208.5,8133.4,8181.65,8181.65,8470257
2013-10-03,8244.7,8374.2,8234.15,8360.85,8360.85,21970505
2013-10-04,8353.3,8429.9,8329.45,8352.35,8352.35,13539328
2013-10-07,8359.15,8487.95,8359.15,8461.55,8461.55,12904603
2013-10-08,8483.3,8500.75,8424.1,8435,8435,15091941
2013-10-09,8408.5,8584.6,8385.55,8564.45,8564.45,13962277
2013-10-10,8585.75,8643.45,8549.15,8603.8,8603.8,15222169
2013-10-11,8899.65,8932.55,8690.4,8870.15,8870.15,21294050
2013-10-14,8868.85,9078.25,8868.85,9061.75,9061.75,16750963
2013-10-15,9109.75,9167,9064.45,9120.3,9120.3,16579107
2013-10-17,9111.85,9111.85,8775.1,8797.85,8797.85,18902843
2013-10-18,8821.3,8907.5,8733,8893.85,8893.85,14402271
2013-10-21,8928.45,8928.45,8712.7,8854.9,8854.9,14234005
2013-10-22,8901.35,8951.85,8891.2,8915.15,8915.15,14151414
2013-10-23,8891.3,8891.3,8739.9,8829.55,8829.55,15145285
2013-10-24,8774.15,8921,8653.85,8681.65,8681.65,16806194
2013-10-25,8670.4,8823.1,8647.95,8812.55,8812.55,15123439
2013-10-28,8796.55,8851.85,8760.8,8783.2,8783.2,9224472
2013-10-29,8784.85,8844.2,8771.4,8822.1,8822.1,11255245
2013-10-30,8803.25,8853.3,8784.9,8835.15,8835.15,17727549
2013-10-31,8814.2,8881.3,8814.2,8852.8,8852.8,15195844
2013-11-01,8840.6,8909,8787.7,8799.55,8799.55,9064204
2013-11-03,8812.75,8837.85,8812.75,8823.5,8823.5,5416284
2013-11-05,8780.6,8791.1,8705.95,8724.1,8724.1,11167513
2013-11-06,8766.9,8865.5,8766.9,8843.05,8843.05,10541322
2013-11-07,8882.85,9058.05,8875.05,8956.55,8956.55,14127553
2013-11-08,8969.7,9045.55,8933.9,8956.9,8956.9,12086143
2013-11-11,8943.1,9095.75,8915,8962.85,8962.85,11627133
2013-11-12,8971.65,9019.3,8899.05,8914.4,8914.4,13947696
2013-11-13,8897.5,8954.25,8845.35,8859.15,8859.15,9193711
2013-11-14,8912.9,8940.55,8855.55,8862,8862,8681675
2013-11-18,8919.4,9010.6,8919.4,8978.35,8978.35,15134320
2013-11-19,8993.4,9019.4,8964.7,9003.9,9003.9,16782460
2013-11-20,8987.2,9023.65,8902.65,8915.35,8915.35,10531329
2013-11-21,8912.55,8925.85,8745.3,8767.1,8767.1,10689041
2013-11-22,8784.5,8848.5,8755.2,8785.45,8785.45,8349741
2013-11-25,8793.45,8875.35,8738.75,8783.8,8783.8,7987188
2013-11-26,8755.05,8795.65,8712.85,8758.3,8758.3,21887814
2013-11-27,8775.8,8791.95,8680.95,8702.4,8702.4,10149149
2013-11-28,8729.25,8767,8679.1,8748.35,8748.35,13298262
2013-11-29,8769.25,8839.75,8744,8820.75,8820.75,13642751
2013-12-02,8804.9,8881.95,8804.9,8854,8854,8941068
2013-12-03,8837.05,8906.95,8837.05,8867.8,8867.8,8712045
2013-12-04,8868.25,8950.7,8864.45,8876.6,8876.6,10374460
2013-12-05,8932.95,8970.95,8817.05,8834.55,8834.55,8182545
2013-12-06,8813.8,8856.45,8810.1,8827.8,8827.8,7439742
2013-12-09,8926.25,8930.45,8837.55,8877.1,8877.1,8815980
2013-12-10,8867,9070.3,8867,9045.9,9045.9,15346852
2013-12-11,9031.4,9045.45,8982.9,9028.2,9028.2,10799937
2013-12-12,8991.45,9006.1,8950.85,8964.95,8964.95,8227171
2013-12-13,8948.25,9025.9,8938.65,8957.6,8957.6,9920017
2013-12-16,8975.2,9134.15,8961.85,9110.25,9110.25,10967290
2013-12-17,9126.1,9197.35,9109.05,9119.35,9119.35,13732673
2013-12-18,9110.8,9178.15,9110.3,9167.9,9167.9,9456775
2013-12-19,9207.05,9401.3,9192.2,9329,9329,12420885
2013-12-20,9368.4,9521.65,9368.4,9488.25,9488.25,22371665
2013-12-23,9448.85,9531.95,9372.3,9385.45,9385.45,9627602
2013-12-24,9418.35,9455.25,9372.8,9391.5,9391.5,8146060
2013-12-26,9405.2,9451.4,9391,9430.1,9430.1,9818252
2013-12-27,9460.15,9598.1,9460.15,9579.1,9579.1,13027368
2013-12-30,9609.65,9632.15,9451.3,9499.6,9499.6,10511811
2013-12-31,9514.55,9546.7,9467.5,9517.85,9517.85,7747045
2014-01-01,9548.5,9558.35,9453.2,9462.8,9462.8,5734793
2014-01-02,9475.3,9546.3,9445.55,9478.35,9478.35,12622275
2014-01-03,9456.45,9684,9431.7,9673.2,9673.2,15829301
2014-01-06,9707.35,9709.45,9569.65,9640.75,9640.75,27476324
2014-01-07,9648.7,9648.7,9507.85,9522.75,9522.75,17461491
2014-01-08,9539.15,9608.9,9519.25,9531.55,9531.55,15395110
2014-01-09,9546.9,9606,9518.4,9575.85,9575.85,20161855
2014-01-10,9664.4,9848.35,9602.6,9782.7,9782.7,23518384
2014-01-13,9831.55,10080.95,9831.55,10060.15,10060.15,17284944
2014-01-14,10042.65,10067.25,9964.25,9996.8,9996.8,15676030
2014-01-15,10040.3,10105.5,10000.25,10065.95,10065.95,15145341
2014-01-16,10089.25,10153.75,10043.65,10127.75,10127.75,16064561
2014-01-17,10072.85,10078.95,9867.8,9884.35,9884.35,19123291
2014-01-20,9872.2,10165.9,9872.2,10154,10154,19145834
2014-01-21,10155.15,10158.45,10062.4,10095.55,10095.55,14815525
2014-01-22,10078.2,10140.4,10051.6,10112.8,10112.8,12091738
2014-01-23,10116.6,10123.95,10008.55,10086.35,10086.35,14921463
2014-01-24,10036.6,10143,9997.35,10010.5,10010.5,10898606
2014-01-27,9926.75,10012.8,9905.55,9938.65,9938.65,10165059
2014-01-28,9906.5,9929.75,9807.7,9837.95,9837.95,12787699
2014-01-29,9861.35,9945.6,9825.4,9896.7,9896.7,9939870
2014-01-30,9860.25,9903.05,9771.55,9878.75,9878.75,9614272
2014-01-31,9895.05,10021.1,9880.55,9957.45,9957.45,8293385
2014-02-03,9897.25,9923.1,9783.5,9792.1,9792.1,6671209
2014-02-04,9686.8,9686.8,9522.45,9611.65,9611.65,10172931
2014-02-05,9677.9,9729.75,9585.25,9718.45,9718.45,12385558
2014-02-06,9700.4,9732.3,9599.45,9696.05,9696.05,9854241
2014-02-07,9754.3,9778.6,9595.45,9648.4,9648.4,12722603
2014-02-10,9668.4,9677.45,9605.8,9619.25,9619.25,8768029
2014-02-11,9639.4,9769.05,9639.4,9710.25,9710.25,10521148
2014-02-12,9747.75,9786,9725.15,9739.8,9739.8,10198600
2014-02-13,9752.25,9767,9697.25,9721.35,9721.35,8423170
2014-02-14,9770.05,9870.5,9751.5,9855.45,9855.45,8817585
2014-02-17,9898.1,9931,9841.2,9867.5,9867.5,6228219
2014-02-18,9859.65,9920.85,9859.65,9884.85,9884.85,16277543
2014-02-19,9912,10065.75,9912,10033.05,10033.05,14620520
2014-02-20,10028.35,10051.8,9962.2,9971.7,9971.7,15033290
2014-02-21,10010.5,10109.85,10010.5,10101.05,10101.05,14542983
2014-02-24,10101,10101,10041.65,10067.65,10067.65,14229505
2014-02-25,10099.9,10173.75,10099.9,10162.9,10162.9,12262675
2014-02-26,10167.1,10212.6,10155.3,10200.85,10200.85,35244443
2014-02-28,10107.7,10353.25,10107.7,10338.55,10338.55,24625043
2014-03-03,10339.8,10398.15,10190.75,10209.1,10209.1,14762061
2014-03-04,10172.8,10251.3,10165.35,10196.55,10196.55,12303390
2014-03-05,10260.2,10301.7,10215.75,10237.25,10237.25,13723962
2014-03-06,10272.4,10300.25,10237.9,10254.6,10254.6,14322247
2014-03-07,10266.05,10272.5,9966,10054.9,10054.9,19025657
2014-03-10,10033.05,10033.05,9792,9809.55,9809.55,14520793
2014-03-11,9803.8,9922.65,9746,9828.6,9828.6,13168206
2014-03-12,9823.8,9921.95,9823.8,9877.6,9877.6,10834572
2014-03-13,9539.3,9637.85,9433.15,9462.7,9462.7,15395621
2014-03-14,9422.85,9509.4,9395.9,9439.05,9439.05,11456059
2014-03-18,9451.1,9480.2,9342.55,9364.35,9364.35,14532611
2014-03-19,9305.25,9305.25,9051.2,9158.95,9158.95,29858297
2014-03-20,9147.05,9387,9147.05,9313.5,9313.5,31208125
2014-03-21,9376.95,9451.3,9257.9,9370.75,9370.75,20588273
2014-03-22,9355.4,9419.7,9342.8,9377.75,9377.75,1277237
2014-03-24,9365.3,9435.7,9339,9365.05,9365.05,12953518
2014-03-25,9308.5,9366.4,9280.35,9300.6,9300.6,14726714
2014-03-26,9318.95,9321.8,9209.9,9222.9,9222.9,12647703
2014-03-27,9234.3,9244.9,9159.95,9217.1,9217.1,15369362
2014-03-28,9245.7,9323.2,9223.2,9275.35,9275.35,10390208
2014-03-31,9297.95,9325.05,9184.35,9298,9298,11027529
2014-04-01,9331.5,9458.4,9324.65,9439.75,9439.75,14348670
2014-04-02,9515.05,9542.65,9463.6,9479.9,9479.9,16859016
2014-04-03,9505.45,9517,9428.55,9472,9472,11063438
2014-04-04,9511.8,9542.05,9373.4,9389.4,9389.4,9085930
2014-04-07,9355.05,9400.05,9296.1,9374.45,9374.45,7780387
2014-04-09,9360.15,9397.6,9208.75,9276.9,9276.9,13044097
2014-04-10,9277.75,9280.65,9159.9,9179.2,9179.2,13776590
2014-04-11,9156.45,9350.95,9081.2,9312,9312,15890875
2014-04-15,9452.6,9554.75,9387.05,9491.6,9491.6,16877121
2014-04-16,9506.8,9506.8,9248.65,9273.15,9273.15,19792726
2014-04-17,9363.05,9407,9240.5,9390.2,9390.2,17871890
2014-04-21,9395.55,9417.6,9317.85,9330.25,9330.25,14401660
2014-04-22,9333.55,9388.45,9267.15,9279.2,9279.2,12115115
2014-04-23,9318.65,9348.9,9260.45,9272.05,9272.05,15495721
2014-04-25,9311.5,9334.35,9236.3,9275,9275,11540080
2014-04-28,9271.5,9321.5,9251.85,9261.3,9261.3,10502305
2014-04-29,9264.5,9312.5,9241.65,9251.6,9251.6,15778043
2014-04-30,9242.9,9294.25,9198.6,9227.95,9227.95,18379074
2014-05-02,9219.3,9347.8,9219.3,9319.55,9319.55,12110843
2014-05-05,9288.7,9358.25,9208.2,9223.55,9223.55,8065958
2014-05-06,9219.95,9236.25,9154.45,9179.7,9179.7,8134526
2014-05-07,9153.15,9186.3,8905.35,8946.55,8946.55,14502692
2014-05-08,8959,9010.3,8922.8,8963.6,8963.6,9592045
2014-05-09,8945.75,9091.65,8945.75,9048.5,9048.5,9480771
2014-05-12,9049.85,9157.7,8986.8,9132.35,9132.35,11120481
2014-05-13,9159.25,9404.75,9159.25,9364.8,9364.8,10603675
2014-05-14,9356.2,9384.8,9306.6,9349.65,9349.65,8205382
2014-05-15,9347.85,9362.9,9234.05,9314.4,9314.4,8660123
2014-05-16,9372.75,9493,8946.55,9111.4,9111.4,17884167
2014-05-19,9135.55,9135.55,8609.95,8675.1,8675.1,21719748
2014-05-20,8704.5,8906.8,8704.5,8878.9,8878.9,16399854
2014-05-21,8871.75,8962.05,8858.95,8952.85,8952.85,13763085
2014-05-22,8978.85,8980.5,8876.35,8929.6,8929.6,14003321
2014-05-23,8954.1,9072.4,8841.9,8941.3,8941.3,15699876
2014-05-26,8986.5,9091.8,8962.5,9061,9061,20106727
2014-05-27,9082.3,9206.15,9048.5,9101.85,9101.85,20305492
2014-05-28,9106.15,9253.65,9103.8,9237.25,9237.25,14208333
2014-05-29,9075.8,9075.8,8909.45,8927.4,8927.4,17028188
2014-05-30,8941,8992.25,8877.75,8970.3,8970.3,15433739
2014-06-02,9004,9022.6,8963.2,8981.95,8981.95,7889365
2014-06-03,9007.8,9039,8913.95,8976.4,8976.4,10374139
2014-06-04,8974.95,8990.9,8820.8,8863.9,8863.9,12262207
2014-06-05,8877.5,9032.5,8841.8,8984.6,8984.6,14473393
2014-06-06,8943.3,8957.7,8849.05,8945.1,8945.1,17375124
2014-06-09,8948.75,9029.05,8926.3,9017.7,9017.7,13393022
2014-06-10,9043.3,9254.05,9043.3,9234.6,9234.6,19899793
2014-06-11,9290.5,9510,9276.3,9436.4,9436.4,19732390
2014-06-12,9589.2,9605.55,9310.6,9447.85,9447.85,13016108
2014-06-13,9462,9474.15,9339.3,9448.65,9448.65,11035162
2014-06-16,9449,9600.15,9449,9579.85,9579.85,11328716
2014-06-17,9618.75,9678.2,9589.15,9620.05,9620.05,11596299
2014-06-18,9630.85,9660.5,9494.2,9521.35,9521.35,11407010
2014-06-19,9522.2,9712.65,9503.7,9698.9,9698.9,12109350
2014-06-20,9714.5,9736.6,9663.3,9700.2,9700.2,11547793
2014-06-23,9671.55,9695.3,9518.35,9548.2,9548.2,7289587
2014-06-24,9548.65,9588.5,9497.2,9570.75,9570.75,8602492
2014-06-25,9623.4,9643.5,9570.95,9587.9,9587.9,8624714
2014-06-26,9585.75,9648.1,9553.15,9579.4,9579.4,12389784
2014-06-27,9619.45,9828.95,9607.6,9819.95,9819.95,16071389
2014-06-30,9834.15,9921.15,9822.7,9912.3,9912.3,12548529
2014-07-01,9896.8,9897.3,9786.45,9802.85,9802.85,9330746
2014-07-02,9817.65,9849.5,9769.15,9807.6,9807.6,9147160
2014-07-03,9806,9903.55,9805,9831.35,9831.35,10668482
2014-07-04,9829.95,9883.85,9827.25,9866.95,9866.95,26125779
2014-07-07,9922.95,10139.4,9918.5,10126.25,10126.25,18359972
2014-07-08,10146.75,10146.75,9973.15,10019.7,10019.7,18076883
2014-07-09,10041.35,10082.7,9867.35,9903.3,9903.3,16467600
2014-07-10,9906.65,10002.65,9753.1,9816.2,9816.2,13338843
2014-07-11,9992.15,10050.6,9889.65,9933.55,9933.55,13101724
2014-07-14,9944.1,9944.1,9744.3,9799.65,9799.65,9228355
2014-07-15,9815.65,9856.15,9768.55,9785.75,9785.75,9583098
2014-07-16,9824.2,9846.1,9761.65,9809,9809,8827251
2014-07-17,9855.95,9982.35,9807.35,9819.75,9819.75,10722355
2014-07-18,9944.85,10019.2,9929.9,9946.95,9946.95,15985219
2014-07-21,9998.65,10018.2,9892.4,9912.4,9912.4,11212373
2014-07-22,9918.8,10103.25,9918.8,10086.65,10086.65,14081944
2014-07-23,10120,10325.5,10120,10306.85,10306.85,19081610
2014-07-24,10323.8,10422.2,10289.6,10400.15,10400.15,13248477
2014-07-25,10343,10355.6,10211.9,10339.7,10339.7,15295054
2014-07-28,10293.7,10405.7,10286.95,10383.45,10383.45,9642192
2014-07-30,10395.55,10408.3,10311.7,10361.05,10361.05,9846342
2014-07-31,10348.05,10351.8,10279.55,10304.7,10304.7,15982094
2014-08-01,10227.55,10307,10141.15,10155.3,10155.3,12516413
2014-08-04,10192.35,10383.6,10160.2,10370.15,10370.15,11037813
2014-08-05,10403.6,10450.55,10322,10422.7,10422.7,8394433
2014-08-06,10423.85,10544.65,10423.85,10484.6,10484.6,10797302
2014-08-07,10362.55,10414.2,10324.25,10342.95,10342.95,11991958
2014-08-08,10327.2,10384.7,10293.15,10318.25,10318.25,8840309
2014-08-11,10391.9,10405.55,10338,10382.55,10382.55,8218096
2014-08-12,10448.6,10448.6,10311.2,10394.85,10394.85,6739145
2014-08-13,10381.05,10529.7,10376.85,10480.4,10480.4,10023422
2014-08-14,10513.75,10547.15,10440.7,10468.25,10468.25,7458822
2014-08-18,10459.7,10465.65,10395.95,10418.7,10418.7,7979405
2014-08-19,10441.4,10441.4,10346.25,10365.15,10365.15,8195348
2014-08-20,10397,10434.9,10383.65,10399.1,10399.1,10151638
2014-08-21,10432.75,10456.95,10373.95,10392.85,10392.85,11322899
2014-08-22,10403.45,10565.25,10403.45,10543.4,10543.4,9716157
2014-08-25,10553.8,10666.5,10514.5,10645.85,10645.85,9554942
2014-08-26,10653.6,10714.85,10581.85,10671,10671,8879710
2014-08-27,10675.05,10775.45,10635.3,10743.8,10743.8,10020426
2014-08-28,10749.25,10757.65,10658.2,10679.65,10679.65,11673150
2014-09-01,10712.5,10753.3,10695.05,10705.3,10705.3,9069676
2014-09-02,10723.45,10783.3,10636.7,10746.55,10746.55,9897208
2014-09-03,10749,11030.15,10749,11005.1,11005.1,15906105
2014-09-04,11025.85,11025.85,10921.65,10960.45,10960.45,9153902
2014-09-05,11018.8,11122.45,10974.2,11025.55,11025.55,12581278
2014-09-08,11062.8,11182.5,11056.35,11167.75,11167.75,12275490
2014-09-09,11144,11156.15,11048.4,11069.9,11069.9,8871840
2014-09-10,11041.85,11041.85,10929.6,10942.45,10942.45,8487119
2014-09-11,10975.7,11030.55,10885,10965.95,10965.95,11066034
2014-09-12,10987,11017.7,10918.7,10958.5,10958.5,11655576
2014-09-15,10959.85,10960.7,10856.6,10868.15,10868.15,9090129
2014-09-16,10876.8,10934.3,10796.45,10811.5,10811.5,15393999
2014-09-17,10866.2,11001.5,10866.2,10991.4,10991.4,9637144
2014-09-18,10916.35,11091.25,10880.95,11055.2,11055.2,28106358
2014-09-19,11074,11316.6,11071.4,11224.15,11224.15,28642678
2014-09-22,11187.6,11187.6,11090.85,11173.15,11173.15,13288959
2014-09-23,11172.25,11309.35,11066,11088.05,11088.05,20309722
2014-09-24,11135.05,11156.05,11034.45,11074.2,11074.2,12278246
2014-09-25,11102.5,11237.3,11102.5,11185.95,11185.95,16072047
2014-09-26,11188.1,11236.45,11093.6,11138,11138,10916820
2014-09-29,11178.55,11352.1,11129.85,11326.6,11326.6,9648149
2014-09-30,11341.4,11360.35,11231.8,11302.7,11302.7,16372690
2014-10-01,11287.2,11543.75,11287.2,11519.45,11519.45,14421087
2014-10-07,11371.9,11633.65,11371.9,11428.6,11428.6,14815547
2014-10-08,11380.85,11380.85,10985.75,11043.4,11043.4,15068221
2014-10-09,11138.4,11189.65,11023.7,11065.15,11065.15,11941123
2014-10-10,11065,11365.2,11001.65,11311.25,11311.25,19764045
2014-10-13,11318.55,11483.8,11318.55,11437,11437,12371331
2014-10-14,11474.8,11474.8,11336.65,11350.3,11350.3,12611049
2014-10-16,11379.05,11438.55,11135.25,11174.85,11174.85,14581993
2014-10-17,10889.5,10920.25,10716.7,10746.2,10746.2,21475171
2014-10-20,10845.7,10845.7,10658.45,10673.1,10673.1,12861439
2014-10-21,10723.15,10748.8,10605.1,10692.35,10692.35,13374819
2014-10-22,10835.4,10835.4,10749.1,10767.4,10767.4,10032821
2014-10-23,10776,10787.25,10757.9,10781.2,10781.2,2415911
2014-10-27,10890.6,10890.6,10684.6,10714.3,10714.3,11428935
2014-10-28,10696.3,10771.55,10696.3,10737.25,10737.25,10718895
2014-10-29,10767.4,10929.15,10767.4,10912.3,10912.3,13344455
2014-10-30,10973.35,11190.9,10973.35,11124.6,11124.6,20114568
2014-10-31,11192.8,11372.25,11192.8,11341.05,11341.05,11154328
2014-11-03,11433,11462.85,11306.2,11359.9,11359.9,11688799
2014-11-05,11419.95,11493.5,11336.35,11440.5,11440.5,18966263
2014-11-07,11438.3,11523.55,11405.5,11476.15,11476.15,15248179
2014-11-10,11491.95,11508.9,11388.8,11470.95,11470.95,9401704
2014-11-11,11477.25,11501.4,11398.25,11439.7,11439.7,8197559
2014-11-12,11428.4,11508.75,11406.75,11421.3,11421.3,10451577
2014-11-13,11458.3,11575.5,11398.7,11539.6,11539.6,15450746
2014-11-14,11551.4,11614.65,11549.6,11571.75,11571.75,12393079
2014-11-17,11553.9,11623.55,11496.6,11608.15,11608.15,9099326
2014-11-18,11628.15,11633.4,11495.05,11512.9,11512.9,10016275
2014-11-19,11532,11556.35,11444.65,11524.3,11524.3,10722668
2014-11-20,11583.45,11692.4,11538.2,11677.45,11677.45,9915776
2014-11-21,11637.7,11643.7,11544.35,11596.95,11596.95,10600459
2014-11-24,11659.7,11825.85,11659.7,11809.85,11809.85,9644945
2014-11-25,11847.4,11908.1,11679.1,11790,11790,14405769
2014-11-26,11769.2,11804.75,11714.85,11770.4,11770.4,7782652
2014-11-27,11800.85,11925.9,11799.8,11900.85,11900.85,11852273
2014-11-28,11925.85,11979.5,11874.8,11898.05,11898.05,9556642
2014-12-01,11942.25,12013.9,11884.95,11981,11981,11764294
2014-12-02,11952.7,11952.7,11794.45,11812.75,11812.75,8096650
2014-12-03,11787.6,11819.7,11707.25,11807.9,11807.9,10852872
2014-12-04,11809.55,11895.15,11732.25,11748.75,11748.75,20508085
2014-12-05,11788.55,11789.85,11506.55,11536.25,11536.25,11840650
2014-12-08,11417.1,11427.9,11136.25,11176.45,11176.45,50068261
2014-12-09,11207.6,11271.5,11127.75,11138.9,11138.9,10959420
2014-12-10,11137.55,11195.75,11102.75,11111.7,11111.7,8570910
2014-12-11,11059.7,11088.3,10971.5,10986.25,10986.25,9253392
2014-12-12,11030.15,11121.1,10869.25,10929.9,10929.9,15656104
2014-12-15,10748.5,10830.75,10690.85,10727.75,10727.75,14881356
2014-12-16,10694.25,10972.65,10694.25,10891.6,10891.6,16701621
2014-12-17,10894.3,10951.25,10706,10860.1,10860.1,15394822
2014-12-18,10920.65,10997.45,10872.15,10987.45,10987.45,13944917
2014-12-19,11101.6,11220.35,11101.6,11176.2,11176.2,16577003
2014-12-22,11223.75,11223.75,11088.95,11202.1,11202.1,11790928
2014-12-23,11184.95,11260.1,11065.15,11094.6,11094.6,9090260
2014-12-24,11104.05,11119.55,10889,10928,10928,17225296
2014-12-26,10974.85,11046.65,10916.95,11036.7,11036.7,6042619
2014-12-29,11056.2,11154.45,11056.2,11104.7,11104.7,7052932
2014-12-30,11113.35,11186.85,11113.05,11149.7,11149.7,6728595
2014-12-31,11129.55,11237.65,11106.95,11216.3,11216.3,8104426
2015-01-01,11214.8,11235.75,11166.35,11215.7,11215.7,4246150
2015-01-02,11214.65,11399.1,11214.65,11372.1,11372.1,10004862
2015-01-05,11369.35,11433.75,11186.95,11248.55,11248.55,8858018
2015-01-06,11186.1,11186.1,10909,10959.9,10959.9,12515739
2015-01-07,11013.2,11042.35,10889.55,10916,10916,10976356
2015-01-08,11031.15,11058.15,10915.05,11018.15,11018.15,12975117
2015-01-09,11058.05,11484.9,10932.2,11399.65,11399.65,24812224
2015-01-12,11456,11565.85,11378.8,11543.65,11543.65,16505074
2015-01-13,11545.25,11546.6,11437.95,11502.8,11502.8,12511358
2015-01-14,11561.95,11631.55,11521,11614.3,11614.3,12544558
2015-01-15,11672.3,11774.5,11575.1,11669.85,11669.85,13882213
2015-01-16,11708.85,11708.85,11582.85,11659.6,11659.6,12368107
2015-01-19,11732.5,11797.6,11629.05,11642.75,11642.75,13696381
2015-01-20,11681.8,11721.9,11635.7,11695,11695,11021415
2015-01-21,11732.45,11838.3,11659.7,11813.7,11813.7,18679282
2015-01-22,11832.55,11884.5,11782.95,11850.85,11850.85,15715515
2015-01-23,11877.9,11921,11767.4,11885.15,11885.15,30034833
2015-01-27,11915.6,11917.25,11679.55,11693.45,11693.45,17005337
2015-01-28,11712.55,11821.8,11693.8,11809.55,11809.55,16876897
2015-01-29,11812.35,11861.5,11728.75,11824.15,11824.15,15520902
2015-01-30,11998.35,12003.35,11799.35,11824.75,11824.75,18559078
2015-02-02,11871.35,11972.6,11847.8,11943.95,11943.95,17272113
2015-02-03,11963.75,12000.65,11849,11963.9,11963.9,21053605
2015-02-04,12027.1,12027.1,11902.35,11938.9,11938.9,14453955
2015-02-05,11967.75,12295.35,11963.8,12165.15,12165.15,15826989
2015-02-06,12190.7,12380.45,12186.95,12267.95,12267.95,11167848
2015-02-09,12160.9,12285.45,12160.9,12249.3,12249.3,10996415
2015-02-10,12215.2,12297.75,12129.65,12162.85,12162.85,17687306
2015-02-11,12198.45,12265.7,12149.35,12243.4,12243.4,12905131
2015-02-12,12277.2,12397,12253.05,12372,12372,16012381
2015-02-13,12369.6,12506.7,12353.25,12464.95,12464.95,12674963
2015-02-16,12461.75,12541.05,12457.65,12487.2,12487.2,14443816
2015-02-18,12511.05,12647.7,12442.7,12632.75,12632.75,20825161
2015-02-19,12629.05,12737.1,12628.75,12723.8,12723.8,15057455
2015-02-20,12750,12750,12550.75,12571.95,12571.95,11383919
2015-02-23,12607.35,12709.9,12475.9,12531.3,12531.3,19847310
2015-02-24,12572.25,12644.1,12514.65,12566.2,12566.2,14110110
2015-02-25,12621.55,12719.9,12600.05,12633.35,12633.35,13377354
2015-02-26,12623.8,12633.15,12429.5,12458.5,12458.5,23693036
2015-02-27,12511.25,12578.1,12434.65,12554.95,12554.95,39838312
2015-02-28,12612.05,12700.05,12493.95,12659.8,12659.8,29800058
2015-03-02,12700.6,12719.05,12586.15,12663.7,12663.7,15906080
2015-03-03,12687.25,12871.15,12635.5,12855.9,12855.9,20847787
2015-03-04,12885.75,12908.1,12630.55,12730.6,12730.6,15783902
2015-03-05,12719.1,12832.3,12615.45,12665.5,12665.5,12712799
2015-03-09,12599.8,12599.8,12372.45,12422.25,12422.25,15075030
2015-03-10,12404.35,12462.8,12307.1,12405.05,12405.05,15020359
2015-03-11,12414.7,12585.55,12298.5,12352.35,12352.35,18633646
2015-03-12,12377.2,12442.4,12329.25,12423.65,12423.65,12590586
2015-03-13,12478.55,12478.55,12248.45,12312.15,12312.15,17452417
2015-03-16,12308.95,12477.45,12297.2,12419.05,12419.05,14394029
2015-03-17,12459.6,12498.85,12300.85,12383.15,12383.15,15605123
2015-03-18,12434.25,12448.45,12256.55,12276.1,12276.1,18361292
2015-03-19,12298.25,12356.65,12253.1,12275.2,12275.2,22006335
2015-03-20,12306.6,12392.85,12274.35,12363.5,12363.5,22332970
2015-03-23,12364.3,12443.25,12217.75,12244.45,12244.45,15526314
2015-03-24,12266.2,12345.05,12154.45,12180,12180,18635698
2015-03-25,12214.55,12256.4,12135.5,12225.6,12225.6,20385357
2015-03-26,12168.3,12204.45,11865.85,11902.1,11902.1,24114701
2015-03-27,11978.05,12146.9,11926.95,11968.5,11968.5,25148358
2015-03-30,12010.65,12127.6,11971.4,12100.85,12100.85,19114043
2015-03-31,12159.05,12206.8,12005.2,12083,12083,20925080
2015-04-01,11997.45,12008.55,11880.15,11952.2,11952.2,22785639
2015-04-06,11970.2,11997.3,11872.65,11969.25,11969.25,22313207
2015-04-07,11999.25,12062.25,11881.5,11989.35,11989.35,18185399
2015-04-08,12072.2,12249.1,12060.25,12214.3,12214.3,22589842
2015-04-09,12296.75,12323.7,12171.15,12279.4,12279.4,16386979
2015-04-10,12249.05,12335.75,12244.2,12294.75,12294.75,16529907
2015-04-13,12329.1,12349.45,12222.9,12333.8,12333.8,16440526
2015-04-15,12335.15,12369.4,12121.55,12154.55,12154.55,20643272
2015-04-16,12187.55,12198.05,11947.05,12059,12059,29861650
2015-04-17,11972.35,11972.35,11758.75,11803.05,11803.05,25776375
2015-04-20,11805.5,11815.7,11538.85,11562.2,11562.2,19374740
2015-04-21,11472.6,11602.8,11415,11558.4,11558.4,28704508
2015-04-22,11552.5,11552.5,11345.1,11492,11492,29316560
2015-04-23,11571.05,11572.05,11410.4,11451.55,11451.55,22676328
2015-04-24,11474.4,11523,11077.3,11132.25,11132.25,33250761
2015-04-27,11166.4,11170.5,10941.75,11097.9,11097.9,25778777
2015-04-28,11097.2,11097.2,10979.2,11052.95,11052.95,21748906
2015-04-29,11039,11150.55,10954,11094.4,11094.4,21642220
2015-04-30,11056.5,11056.5,10916.65,11001.05,11001.05,44619697
2015-05-04,11087.5,11217.2,11044.25,11191.45,11191.45,24105159
2015-05-05,11252.3,11264.35,11115.5,11170.25,11170.25,23245719
2015-05-06,11186.35,11191.7,10921.75,10938.85,10938.85,21427168
2015-05-07,10934.8,11172.15,10900.9,11127.75,11127.75,20232917
2015-05-08,11209.15,11268.6,11134.2,11172.05,11172.05,14833619
2015-05-11,11225.15,11351.05,11184.65,11324.55,11324.55,16210415
2015-05-12,11337.7,11337.7,11101.25,11118.45,11118.45,15553985
2015-05-13,11168.7,11225.55,11040.55,11170.5,11170.5,15567676
2015-05-14,11185.6,11185.6,11021.85,11093.6,11093.6,11405303
2015-05-15,11109.7,11208.2,11099.2,11171.9,11171.9,13739827
2015-05-18,11200.4,11294.45,11147.15,11279.45,11279.45,15340671
2015-05-19,11264.8,11425.15,11260.2,11372.2,11372.2,18508134
2015-05-20,11438.7,11583.05,11438.7,11571.7,11571.7,16636054
2015-05-21,11589,11638.1,11572.6,11618.6,11618.6,14274561
2015-05-22,11584.7,11745.75,11562.5,11728.4,11728.4,15469572
2015-05-25,11740.75,11784.35,11602.1,11623.35,11623.35,12204690
2015-05-26,11608.75,11649.7,11562.05,11581.9,11581.9,11485852
2015-05-27,11481.45,11481.45,11338.05,11367.5,11367.5,34196705
2015-05-28,11368,11483.75,11321.65,11450.85,11450.85,25687562
2015-05-29,11443.1,11647.05,11411.15,11575.05,11575.05,21994515
2015-06-01,11561.9,11629.55,11496.05,11525.65,11525.65,6488920
2015-06-02,11523.85,11563.95,11326.7,11347.9,11347.9,8320203
2015-06-03,11383.1,11421.55,11299.75,11361.1,11361.1,10771997
2015-06-04,11375.85,11455.9,11331.85,11379.2,11379.2,10994711
2015-06-05,11376.45,11444,11282.3,11291.55,11291.55,9222361
2015-06-08,11302.75,11303.6,11196.5,11238.6,11238.6,7174359
2015-06-09,11235.3,11254.45,11114.3,11142.95,11142.95,9772047
2015-06-10,11145.4,11423.75,11136.4,11401.7,11401.7,10375358
2015-06-11,11420,11444.75,11213.4,11227.15,11227.15,9863136
2015-06-12,11222.8,11267,10930.45,11049.35,11049.35,10397130
2015-06-15,11022.7,11170.05,10933.4,11093.85,11093.85,7860544
2015-06-16,11111.8,11135.25,11046,11119.2,11119.2,7153751
2015-06-17,11181.9,11221.15,11114.35,11143.5,11143.5,9431119
2015-06-18,11191.75,11259.15,11164.1,11215.35,11215.35,9612244
2015-06-19,11260.9,11353.25,11222.25,11243.65,11243.65,14338486
2015-06-22,11266.9,11446.8,11260.95,11429.8,11429.8,8220207
2015-06-23,11473,11479.6,11327.2,11341.15,11341.15,7753653
2015-06-24,11400.35,11409.75,11324.35,11353.75,11353.75,11817301
2015-06-25,11332.45,11332.7,11188.55,11210.4,11210.4,14616477
2015-06-26,11238.8,11388.45,11238.8,11362.55,11362.55,9837711
2015-06-29,11181.25,11230.2,10998.2,11133.65,11133.65,17798757
2015-06-30,11101.6,11144.2,11016.75,11037.4,11037.4,20432617
2015-07-01,11053.65,11239.75,11053.65,11213.6,11213.6,11203755
2015-07-02,11246.5,11247.5,11161.3,11187.25,11187.25,7915388
2015-07-03,11162.9,11214.65,11135,11198.65,11198.65,6793457
2015-07-06,11079.2,11239,11072.55,11209.6,11209.6,7684659
2015-07-07,11216.55,11264.55,11126.2,11143.85,11143.85,8057280
2015-07-08,11079.95,11143.9,10980.05,11021.8,11021.8,10958051
2015-07-09,11043.65,11065.4,10808.35,10828.7,10828.7,11055212
2015-07-10,10950.25,10950.25,10759.85,10798.25,10798.25,12483008
2015-07-13,10840.65,11011.65,10840.65,10998.85,10998.85,9446174
2015-07-14,11024.4,11067.55,10945.05,11043.85,11043.85,7884734
2015-07-15,11050.5,11165.5,11050.5,11150.25,11150.25,8269479
2015-07-16,11191.15,11218.75,11123.15,11191.6,11191.6,8500008
2015-07-17,11239.7,11306.4,11227.4,11269.2,11269.2,10570702
2015-07-20,11270.4,11307.9,11197.85,11266.95,11266.95,8618661
2015-07-21,11366.6,11798.2,11366.6,11655.45,11655.45,27720978
2015-07-22,11647.5,11687.2,11509.15,11643.75,11643.75,11766775
2015-07-23,11640.65,11719.05,11537.7,11558.7,11558.7,11732414
2015-07-24,11568.85,11588.9,11452.25,11464.15,11464.15,9525365
2015-07-27,11437.55,11438,11342.5,11362.45,11362.45,12162185
2015-07-28,11378.8,11432.45,11283.7,11306.25,11306.25,15300982
2015-07-29,11369.45,11494.85,11330.65,11470.7,11470.7,10386211
2015-07-30,11530.3,11539.45,11365.05,11394.55,11394.55,17524742
2015-07-31,11434.9,11622.2,11434.9,11594.15,11594.15,10516985
2015-08-03,11490.6,11572.6,11441.5,11466.4,11466.4,10341354
2015-08-04,11480.7,11489.15,11379.15,11415.55,11415.55,11885605
2015-08-05,11470.2,11632.2,11460,11618,11618,8826022
2015-08-06,11698.9,11739.1,11576.25,11616.5,11616.5,9179852
2015-08-07,11604.45,11663.6,11580.35,11597.05,11597.05,7127683
2015-08-10,11623.1,11696.85,11500.4,11573.9,11573.9,5893113
2015-08-11,11637.25,11740.85,11605.9,11711.15,11711.15,9042485
2015-08-12,11731.7,12026.05,11731.7,12006.8,12006.8,14684514
2015-08-13,12029.5,12092.05,11916.3,11956.1,11956.1,11503549
2015-08-14,11968.3,12129,11961.1,12048.45,12048.45,8163202
2015-08-17,12057.65,12058.05,11920.25,12001.75,12001.75,5813559
2015-08-18,12068.35,12250.1,12060.15,12159.4,12159.4,8733323
2015-08-19,12215.55,12314.4,12165.4,12249.1,12249.1,9509622
2015-08-20,12269.5,12269.5,11969.3,11985.25,11985.25,11525076
2015-08-21,12009.8,12102.8,11825.05,12032.3,12032.3,13519573
2015-08-24,11750.45,11797.95,11393,11455.15,11455.15,18489060
2015-08-25,11524.85,11615.5,11140.8,11376.75,11376.75,18912332
2015-08-26,11395.5,11548.85,11172.2,11284.1,11284.1,15743530
2015-08-27,11438.7,11476.8,11351.05,11396.9,11396.9,19464261
2015-08-28,11545.3,11645.05,11534.85,11588.25,11588.25,10260637
2015-08-31,11691.65,11691.65,11537.65,11605.7,11605.7,14353599
2015-09-01,11563.55,11712.5,11391.7,11476.45,11476.45,10913875
2015-09-02,11563.95,11752.1,11510.9,11604.7,11604.7,13877743
2015-09-03,11679.5,11722.8,11565.1,11672.85,11672.85,10152727
2015-09-04,11689.8,11695.8,11392.95,11413.6,11413.6,10137864
2015-09-07,11445.35,11451.1,11264.7,11318.3,11318.3,7491038
2015-09-08,11331.65,11452.95,11279.2,11390.1,11390.1,7477071
2015-09-09,11554.45,11604.15,11446.35,11504.9,11504.9,9610428
2015-09-10,11439.45,11468.95,11292.2,11396.95,11396.95,10971745
2015-09-11,11445.65,11519.75,11381.35,11432.25,11432.25,9739475
2015-09-14,11482.4,11527.75,11405.35,11520.3,11520.3,11970821
2015-09-15,11524.4,11545.3,11475.25,11536.35,11536.35,8281022
2015-09-16,11614.7,11659,11563.75,11606.65,11606.65,9333693
2015-09-18,11694.95,11801.9,11666.85,11726.7,11726.7,14942207
2015-09-21,11659.85,11752.85,11643.25,11724.05,11724.05,7953850
2015-09-22,11790.5,11941.8,11615.7,11705.55,11705.55,13419167
2015-09-23,11659.9,11753.6,11586.9,11694,11694,7367175
2015-09-24,11710.75,11971.65,11677.7,11954.1,11954.1,14445662
2015-09-28,11989.3,12008,11819.2,11841.05,11841.05,10087911
2015-09-29,11768.65,11963.2,11749.25,11863.95,11863.95,11648411
2015-09-30,12010.75,12055.8,11904.05,12032.1,12032.1,13509491
2015-10-01,11877.85,11998.7,11769.5,11867.85,11867.85,26288267
2015-10-05,11867.45,12057.1,11867.45,12002.1,12002.1,16800233
2015-10-06,12057.45,12077.95,11865.25,11889.9,11889.9,13524583
2015-10-07,11878.35,11904.5,11660.7,11683.45,11683.45,15333772
2015-10-08,11753.85,11802.15,11625.65,11669.7,11669.7,17897751
2015-10-09,11734.3,11827.5,11676.15,11807.55,11807.55,15125896
2015-10-12,11972.1,12019.05,11571.75,11630.65,11630.65,21238152
2015-10-13,11595.85,11603.9,11452.3,11522.6,11522.6,16373500
2015-10-14,11435.3,11479.4,11347.65,11362.9,11362.9,12980966
2015-10-15,11407.55,11411.4,11310.45,11338.35,11338.35,11632842
2015-10-16,11392.55,11402.5,11301.1,11337.8,11337.8,10989166
2015-10-19,11360.4,11469.2,11305.85,11432.15,11432.15,13238516
2015-10-20,11465.05,11539.25,11436.65,11529.6,11529.6,11787811
2015-10-21,11552.6,11583.45,11501.05,11549.05,11549.05,9019619
2015-10-23,11588,11588.2,11494.15,11552,11552,9686270
2015-10-26,11597.9,11612.7,11537.1,11576.35,11576.35,7032459
2015-10-27,11570.3,11601.25,11533.05,11583.55,11583.55,9938684
2015-10-28,11546.05,11664.95,11537.3,11643.3,11643.3,9103066
2015-10-29,11644.05,11644.05,11523.95,11548.15,11548.15,15019766
2015-10-30,11549.75,11559.35,11467.9,11486.9,11486.9,9332157
2015-11-02,11497.95,11560.6,11428.1,11546.25,11546.25,8710084
2015-11-03,11576,11627.85,11565,11618.4,11618.4,7567658
2015-11-04,11680.15,11688.65,11535.95,11551.6,11551.6,9660090
2015-11-05,11573.1,11573.1,11397.5,11414.45,11414.45,6980714
2015-11-06,11424.2,11515.65,11422.95,11485.45,11485.45,6480847
2015-11-09,11364.55,11427.95,11320.95,11412.15,11412.15,10126396
2015-11-10,11385.7,11387.85,11191.9,11214.2,11214.2,6966686
2015-11-11,11305.2,11312.3,11230.4,11249.7,11249.7,795240
2015-11-13,11110.75,11176.75,11027.1,11102.45,11102.45,6927725
2015-11-16,11011.5,11061.6,10911.1,11003.8,11003.8,8864946
2015-11-17,11032.45,11052.4,10974.55,11035.1,11035.1,10917373
2015-11-18,10967.75,10969.5,10799,10836.7,10836.7,10167296
2015-11-19,10910.5,11059.85,10893.75,11032.9,11032.9,9850813
2015-11-20,11045.65,11195.75,11036.9,11118.85,11118.85,10781657
2015-11-23,11126.25,11189.5,11084.35,11121.2,11121.2,8727231
2015-11-24,11096.4,11122.05,11036.05,11057.35,11057.35,7784549
2015-11-26,11048.4,11129.25,11013.9,11042.95,11042.95,15045631
2015-11-27,11064.6,11136.4,11031.45,11122.9,11122.9,7402279
2015-11-30,11147.85,11279.65,11083.6,11206,11206,21067524
2015-12-01,11216.95,11293.2,11216.95,11256.3,11256.3,9112940
2015-12-02,11298.9,11298.9,11134.9,11149.6,11149.6,7524996
2015-12-03,11149.3,11153.7,11067.55,11081.9,11081.9,9384540
2015-12-04,11034.65,11037.95,10940.3,10969.05,10969.05,10062731
2015-12-07,11009.5,11054,10943.85,10998.65,10998.65,8477753
2015-12-08,10989.2,11109.3,10946,10981.85,10981.85,8486760
2015-12-09,10978.25,11027.3,10916.25,10930.05,10930.05,11006038
2015-12-10,10971.55,11073.15,10931.15,11055.5,11055.5,7908231
2015-12-11,11086.55,11086.55,11015.6,11043.05,11043.05,8502528
2015-12-14,10940.75,11124.9,10940.75,11099.7,11099.7,7044052
2015-12-15,11139.55,11139.55,11044.35,11058.25,11058.25,9065922
2015-12-16,11081.75,11187.85,11081.75,11144.9,11144.9,8751937
2015-12-17,11182.95,11293.05,11122.45,11275.15,11275.15,9556916
2015-12-18,11227.15,11227.15,11094.8,11122.5,11122.5,11781399
2015-12-21,11096.4,11232.5,11067.2,11224.75,11224.75,6043899
2015-12-22,11201.8,11201.8,11081.15,11095.45,11095.45,5998230
2015-12-23,11163.8,11206.4,11130.65,11195.65,11195.65,4638075
2015-12-24,11193.25,11197.5,11152.85,11184.9,11184.9,2927864
2015-12-28,11152.7,11303.05,11146.85,11271.8,11271.8,8055590
2015-12-29,11257.05,11287.5,11206.6,11253.45,11253.45,6024174
2015-12-30,11247.35,11263.6,11100.1,11117.6,11117.6,6564991
2015-12-31,11113,11233.85,11113,11212.55,11212.55,8197040
2016-01-01,11210.25,11221.6,11137.85,11174.85,11174.85,3126850
2016-01-04,11144,11160.95,11004.65,11029.25,11029.25,7875357
2016-01-05,11082.6,11084.6,10945.2,10997.15,10997.15,7909892
2016-01-06,11027.55,11037.4,10979.45,11018.15,11018.15,8585557
2016-01-07,10947.75,10964.65,10822.7,10863.2,10863.2,10454519
2016-01-08,10933.3,11007.5,10896.45,10989.55,10989.55,7287266
2016-01-11,10898.8,10917.45,10797.7,10823.9,10823.9,9742884
2016-01-12,10850.25,10850.25,10659.25,10790.35,10790.35,9984443
2016-01-13,10807.85,10860.4,10646.55,10839.85,10839.85,11133904
2016-01-14,10730.65,11068.9,10685.35,10980.45,10980.45,23469653
2016-01-15,11050.65,11057.7,10949.95,10994.95,10994.95,14012251
2016-01-18,10954.2,11084.4,10954.2,10984,10984,11716225
2016-01-19,11052.4,11064.8,10873.6,10963.1,10963.1,12176980
2016-01-20,10897.8,10945.4,10855.2,10910.5,10910.5,10426978
2016-01-21,10957.95,10994.9,10893.35,10934.7,10934.7,10558161
2016-01-22,11020.6,11030.65,10961.35,11006.7,11006.7,7367656
2016-01-25,11047,11113.8,11000.25,11025.35,11025.35,6649189
2016-01-27,11052.55,11061.8,10992.45,11029.1,11029.1,10815699
2016-01-28,11010.1,11073.75,10984.25,11002.7,11002.7,13918783
2016-01-29,11061.85,11266.75,11024.95,11236.15,11236.15,17438592
2016-02-01,11271.15,11409.1,11234.8,11305.25,11305.25,16768205
2016-02-02,11325.75,11377.95,11182.5,11242.1,11242.1,19286309
2016-02-03,11179.75,11218.45,11065.8,11122.25,11122.25,12152041
2016-02-04,11178.25,11289.8,11148.15,11213.65,11213.65,10379772
2016-02-05,11222.2,11285.1,11188.45,11227.55,11227.55,8207885
2016-02-08,11160.85,11190.35,10962.8,11001.45,11001.45,7344448
2016-02-09,10866.2,10866.2,10590.1,10614.25,10614.25,14971950
2016-02-10,10614.3,10693.9,10570.65,10600.45,10600.45,13147364
2016-02-11,10615.35,10615.35,10279.7,10312.95,10312.95,12495553
2016-02-12,10404.6,10462.9,10157.1,10324.45,10324.45,17610027
2016-02-15,10446.25,10544.45,10437,10493.75,10493.75,12549138
2016-02-16,10487.4,10511.4,10393.6,10418.65,10418.65,8993279
2016-02-17,10429.35,10518.25,10325.25,10502.45,10502.45,17356929
2016-02-18,10554.55,10723.4,10554.45,10702.25,10702.25,16150256
2016-02-19,10670.75,10791.05,10649.75,10768.9,10768.9,10428901
2016-02-22,10778.8,10778.8,10691.35,10720.6,10720.6,9168828
2016-02-23,10721.4,10729.6,10575.15,10601.45,10601.45,8340937
2016-02-24,10581,10586.05,10446.4,10468.05,10468.05,8531990
2016-02-25,10469.85,10484.95,10329.2,10403.5,10403.5,10694119
2016-02-26,10488.45,10567.95,10419,10463.35,10463.35,9415436
2016-02-29,10504.4,10504.4,10075.75,10278.4,10278.4,12161703
2016-03-01,10337.95,10657.1,10313.5,10637.35,10637.35,10385527
2016-03-02,10740.45,10920.9,10642.05,10897.1,10897.1,12342461
2016-03-03,10982,11089.45,10950.85,11054.95,11054.95,20107981
2016-03-04,11086.1,11088.1,10930.95,10980.85,10980.85,23086012
2016-03-08,10928.4,10977.3,10832.25,10914.2,10914.2,22893639
2016-03-09,10815.05,10947.7,10733.2,10925.8,10925.8,34104849
2016-03-10,10923.75,10924.8,10783.05,10826.9,10826.9,30038742
2016-03-11,10825.9,10898.7,10805.75,10835.45,10835.45,14674310
2016-03-14,10854.2,10935.65,10836.95,10866.85,10866.85,14231291
2016-03-15,10867.65,10900.25,10709,10730.45,10730.45,11141197
2016-03-16,10733.7,10819.35,10698.7,10803.2,10803.2,10671044
2016-03-17,10854,10961.65,10854,10923.5,10923.5,14035701
2016-03-18,10938.05,11177.25,10938.05,11159.7,11159.7,17103977
2016-03-21,11158.95,11221.8,11093.6,11193.85,11193.85,10929640
2016-03-22,11171.9,11229.25,11118.5,11206.6,11206.6,19527945
2016-03-23,11219.7,11246,11125.1,11228.15,11228.15,17617607
2016-03-28,11328.15,11384.9,11112.85,11168.7,11168.7,20401896
2016-03-29,11172.8,11188.65,11089,11114.7,11114.7,14642638
2016-03-30,11127.5,11271.7,11127.5,11254.55,11254.55,14607256
2016-03-31,11240.6,11387.9,11216.45,11309.3,11309.3,28703814
2016-04-01,11306.35,11352.05,11128.05,11194.65,11194.65,13591384
2016-04-04,11224.9,11407.45,11224.9,11387.7,11387.7,10746882
2016-04-05,11386.55,11399.05,11245.5,11274.95,11274.95,9810804
2016-04-06,11325.1,11325.1,11165.25,11224.95,11224.95,9646638
2016-04-07,11264.6,11264.6,11087.2,11102.6,11102.6,8675441
2016-04-08,11082.25,11085.65,11028.15,11061.15,11061.15,9261058
2016-04-11,11066.25,11304.65,10975.15,11291.35,11291.35,13319300
2016-04-12,11284,11332.85,11243.75,11304.45,11304.45,11757296
2016-04-13,11412.1,11430.95,11330.5,11351.85,11351.85,14301422
2016-04-18,11493.5,11638.1,11485.15,11597.25,11597.25,27146780
2016-04-20,11697.4,11697.4,11506.15,11552.75,11552.75,17857029
2016-04-21,11500.45,11514.5,11329.9,11355.4,11355.4,13926801
2016-04-22,11326.55,11376.05,11292.4,11304.05,11304.05,10321425
2016-04-25,11288.7,11380.55,11267.1,11315.45,11315.45,8852971
2016-04-26,11292.35,11444.35,11251.35,11417.35,11417.35,10029117
2016-04-27,11398.9,11507.75,11398.9,11453,11453,8807962
2016-04-28,11350.15,11428.65,11265.7,11287.15,11287.15,26615952
2016-04-29,11269.1,11279.25,11140.55,11196.25,11196.25,17856349
2016-05-02,11181.15,11181.15,11075.95,11117.7,11117.7,8245605
2016-05-03,11129.9,11167.9,10909.95,10925.7,10925.7,12701121
2016-05-04,10913.75,10969.6,10858.8,10948.6,10948.6,13630944
2016-05-05,10966.75,11024.15,10909.6,10973.85,10973.85,11557528
2016-05-06,10960.1,10960.1,10846.65,10887,10887,9008153
2016-05-09,10900.1,11006.5,10884.05,10991.5,10991.5,10704177
2016-05-10,11010.25,11065.7,10948.75,11034.4,11034.4,11025224
2016-05-11,10926.85,11030.3,10900.4,10960.4,10960.4,11881912
2016-05-12,10967.35,11089.8,10955.6,11081.1,11081.1,8100065
2016-05-13,11081.3,11081.3,10986.2,11030.7,11030.7,10936677
2016-05-16,11063.1,11134.3,11030.05,11087.75,11087.75,8453249
2016-05-17,11126.75,11197.35,11101.25,11125.1,11125.1,9819119
2016-05-18,11073.55,11141.5,11038.25,11120.05,11120.05,9019440
2016-05-19,11124.8,11136.7,11067.2,11094.6,11094.6,7759823
2016-05-20,11067,11149.15,11025.7,11036.15,11036.15,10263214
2016-05-23,11080.4,11080.4,10917.15,10939.9,10939.9,13950324
2016-05-24,10946.5,10946.5,10868.15,10924.8,10924.8,14221089
2016-05-25,11019.05,11223.4,11019.05,11215.5,11215.5,20906137
2016-05-26,11231.85,11366.05,11178.25,11337.15,11337.15,15792493
2016-05-27,11325.7,11462.05,11325.7,11420.85,11420.85,11321580
2016-05-30,11433.95,11579.25,11433.95,11547.5,11547.5,10232578
2016-05-31,11554.65,11559.45,11374.85,11395.85,11395.85,32132052
2016-06-01,11405.5,11516,11405.5,11494.9,11494.9,10787515
2016-06-02,11447.05,11586.2,11399.45,11458.2,11458.2,13948173
2016-06-03,11482.05,11527,11450.25,11462,11462,8743264
2016-06-06,11443.5,11469.15,11382.75,11395.8,11395.8,10312241
2016-06-07,11434.6,11461.25,11384.45,11413.35,11413.35,11928792
2016-06-08,11427.15,11427.15,11380.9,11404.5,11404.5,10442067
2016-06-09,11413.3,11413.3,11215.95,11264.85,11264.85,14935866
2016-06-10,11226.45,11320.4,11210.6,11229.05,11229.05,12821894
2016-06-13,11164.15,11214.2,11111.7,11191.55,11191.55,8343619
2016-06-14,11210.65,11222.35,11110.75,11169.45,11169.45,6907602
2016-06-15,11195.95,11293.15,11172.6,11282.05,11282.05,6976940
2016-06-16,11249.7,11263.5,11128.95,11244.25,11244.25,7378522
2016-06-17,11258.65,11304.8,11242.55,11290.8,11290.8,12449933
2016-06-20,11272.95,11518.7,11256.65,11506.6,11506.6,12629155
2016-06-21,11515.25,11519.9,11453.2,11488.45,11488.45,8232500
2016-06-22,11509.05,11524.3,11421.55,11490.8,11490.8,7632195
2016-06-23,11469.35,11526.4,11396.75,11487.05,11487.05,6471630
2016-06-24,11193.25,11218.3,11043.1,11203.15,11203.15,14923291
2016-06-27,11069.9,11094.8,10976.8,11008.05,11008.05,9687213
2016-06-28,10978.6,11031.5,10874.6,10884.65,10884.65,13377522
2016-06-29,10943.3,11072.3,10900.95,11057.4,11057.4,10849342
2016-06-30,11109.7,11156.4,11052.25,11120.15,11120.15,15207257
2016-07-01,11172.65,11178.05,11078.45,11098.4,11098.4,6452096
2016-07-04,11142.25,11242.3,11142.25,11184.85,11184.85,8314465
2016-07-05,11176.2,11176.2,11110.6,11141,11141,6851493
2016-07-07,11136.3,11138.45,10929.4,10942,10942,11522480
2016-07-08,10947.95,10982.95,10896.9,10946.7,10946.7,7468140
2016-07-11,10993.85,11073.4,10992.55,11045.95,11045.95,9190711
2016-07-12,11064.4,11072.3,10997.3,11056.8,11056.8,8392487
2016-07-13,11094.2,11139,11042.95,11128.2,11128.2,10579802
2016-07-14,11117.35,11174.6,11090.8,11157.85,11157.85,8660653
2016-07-15,11197.85,11219.05,10691.7,10716.45,10716.45,45101876
2016-07-18,10734.5,10767.85,10659.8,10735.1,10735.1,15727643
2016-07-19,10694.95,10777.6,10694,10766.3,10766.3,17825899
2016-07-20,10600.75,10775.8,10600.75,10764.7,10764.7,21106183
2016-07-21,10749.75,10789.25,10719.8,10772.25,10772.25,10356504
2016-07-22,10745.55,10775.2,10711.5,10756,10756,10295518
2016-07-25,10734.1,10880.4,10731.2,10870.9,10870.9,10178345
2016-07-26,10839.5,10901.1,10836.8,10877.65,10877.65,12775441
2016-07-27,10875.45,10952.65,10849.3,10928.45,10928.45,9688082
2016-07-28,10923.1,10952.7,10881.3,10935.65,10935.65,16448508
2016-07-29,10916.9,10952.75,10871.95,10913.3,10913.3,10417913
2016-08-01,10917.7,11149.55,10913.5,11139.05,11139.05,16985063
2016-08-02,11129.45,11231.95,11112.45,11179,11179,17569285
2016-08-03,11307.05,11307.05,11143.1,11181.4,11181.4,20039262
2016-08-04,11226.45,11229.05,11128.65,11148.45,11148.45,8136329
2016-08-05,11177.35,11226.5,11091.8,11137.05,11137.05,10253491
2016-08-08,11136.1,11205,11122.15,11197.2,11197.2,11939491
2016-08-09,11207.7,11214.95,11128.95,11198,11198,11050924
2016-08-10,11184.25,11202.2,11152.1,11175.9,11175.9,11234996
2016-08-11,11173.3,11254.2,11170.6,11222.2,11222.2,9725914
2016-08-12,11218.7,11302.4,11153.45,11173.4,11173.4,12677589
2016-08-16,11121.95,11136.05,10955.65,10993.55,10993.55,20601765
2016-08-17,10992.95,10993.95,10790.6,10808.75,10808.75,18045681
2016-08-18,10855.55,10887.75,10765.95,10783.5,10783.5,12057371
2016-08-19,10807.3,10873.15,10721.9,10727.6,10727.6,12486590
2016-08-22,10704.65,10728.8,10568.45,10593.2,10593.2,11859697
2016-08-23,10610.4,10790.85,10599.55,10767.1,10767.1,10969968
2016-08-24,10792.95,10845.7,10753.25,10786.35,10786.35,9244092
2016-08-25,10824.75,10826.15,10649.7,10665.65,10665.65,18239899
2016-08-26,10680.3,10717.65,10495.2,10523.05,10523.05,13551428
2016-08-29,10548.95,10548.95,10329.45,10385.35,10385.35,13822195
2016-08-30,10422.65,10585.1,10411.75,10572.3,10572.3,12600693
2016-08-31,10593.75,10654.2,10496.3,10546.1,10546.1,16159602
2016-09-01,10570.1,10583.3,10499.6,10533.25,10533.25,8952600
2016-09-02,10549.35,10555.7,10482.7,10528.35,10528.35,8173693
2016-09-06,10524.05,10558.35,10505.6,10545.3,10545.3,15984697
2016-09-07,10605.85,10643.5,10468.75,10499.9,10499.9,15598656
2016-09-08,10349.75,10349.75,10159.7,10240.5,10240.5,19920113
2016-09-09,10253.75,10356.05,10217.1,10291.9,10291.9,11730346
2016-09-12,10194.65,10413.3,10182.25,10374.95,10374.95,12401851
2016-09-14,10400.3,10440.15,10291.35,10302.85,10302.85,11040797
2016-09-15,10340.25,10341.2,10255.55,10289.5,10289.5,9601439
2016-09-16,10347.5,10439.1,10285.8,10399.25,10399.25,16541994
2016-09-19,10386.2,10531.6,10353.65,10463.4,10463.4,12370671
2016-09-20,10469.2,10469.2,10387.25,10426.7,10426.7,9119056
2016-09-21,10450.45,10485.85,10425.9,10456.5,10456.5,10100721
2016-09-22,10508.2,10511.65,10376.05,10397.15,10397.15,9854317
2016-09-23,10426.1,10446.9,10376.8,10391.05,10391.05,12173246
2016-09-26,10382,10390.15,10314.6,10330,10330,10774105
2016-09-27,10324.7,10425.5,10322.5,10397,10397,12270567
2016-09-28,10402.2,10418.75,10335.65,10360.45,10360.45,9865164
2016-09-29,10410.65,10412.6,10228.05,10257.8,10257.8,21656504
2016-09-30,10300.35,10336.8,10279.85,10292.3,10292.3,14445499
2016-10-03,10331.15,10340.3,10239.95,10309.85,10309.85,9457289
2016-10-04,10347.1,10403.25,10328.55,10394.3,10394.3,11593100
2016-10-05,10405.65,10418.7,10287.4,10333.35,10333.35,8507322
2016-10-06,10353.9,10354.6,10229.9,10242.45,10242.45,10270123
2016-10-07,10253.05,10254.05,10146,10184.25,10184.25,9585050
2016-10-10,10193.05,10285.15,10160.45,10270.95,10270.95,7733808
2016-10-13,10218.5,10296.8,10196.95,10243.75,10243.75,18099251
2016-10-14,10239.2,10442,10116.7,10228.65,10228.65,33012040
2016-10-17,10268.65,10270.25,10140.55,10158.75,10158.75,13343414
2016-10-18,10202.55,10397.15,10191.65,10377.15,10377.15,18378306
2016-10-19,10397.3,10433.75,10338.15,10411.1,10411.1,16981044
2016-10-20,10431.5,10464.2,10357.5,10372.95,10372.95,14202020
2016-10-21,10408.65,10483.45,10376.95,10477.1,10477.1,17804005
2016-10-24,10445.35,10448,10317.4,10327.65,10327.65,14554645
2016-10-25,10322.7,10331.85,10254.05,10261.4,10261.4,14983936
2016-10-26,10253.4,10254.55,10128.6,10157.35,10157.35,11263723
2016-10-27,10130.8,10130.8,10027.25,10052.85,10052.85,18671691
2016-10-28,10088.05,10119.25,10032.5,10048.4,10048.4,24655817
2016-10-30,10086.6,10111.45,10073.85,10082.7,10082.7,1431970
2016-11-01,10109.2,10109.2,9969.8,9990.6,9990.6,13418188
2016-11-02,9903.8,9933.55,9861.15,9871.25,9871.25,12161987
2016-11-03,9868.35,9886.65,9793.85,9809.75,9809.75,10977148
2016-11-04,9813.45,9940.1,9736.75,9924.05,9924.05,18414597
2016-11-07,9997.1,10034.15,9920.95,9970,9970,16797953
2016-11-08,9996.2,10045.5,9891,10008.4,10008.4,14174311
2016-11-09,9467.65,9826.35,9320.95,9683.25,9683.25,21456312
2016-11-10,9803.2,9813.15,9636.15,9654.75,9654.75,13296041
2016-11-11,9615.85,9633.3,9391.55,9434.6,9434.6,13296849
2016-11-15,9478.5,9565.85,9295.25,9487,9487,27234569
2016-11-16,9559.15,9724.7,9543.2,9641,9641,23586542
2016-11-17,9608.95,9678.75,9476.1,9496.2,9496.2,12929942
2016-11-18,9497.8,9560.9,9419.6,9476.45,9476.45,10571616
2016-11-21,9500,9553.7,9430.4,9453.75,9453.75,12187155
2016-11-22,9492.35,9566.7,9471.2,9509.45,9509.45,10320661
2016-11-23,9559.1,9571.55,9484.45,9549.85,9549.85,11234249
2016-11-24,9561.4,9726.5,9518.9,9656.25,9656.25,18981651
2016-11-25,9709.15,10140.65,9696.65,10114.9,10114.9,21789062
2016-11-28,10126.7,10171.8,10001.5,10106.2,10106.2,12490536
2016-11-29,10099.65,10149.8,10043.2,10059.6,10059.6,9368688
2016-11-30,10086.55,10139.95,10011.45,10087.65,10087.65,14229629
2016-12-01,10090,10108.8,10002.4,10049.75,10049.75,9518941
2016-12-02,10018.15,10061.2,9898.9,9922.75,9922.75,9513403
2016-12-05,9908.3,9946.9,9778.95,9836,9836,8242545
2016-12-06,9850.9,9946.75,9808.35,9834.95,9834.95,7018872
2016-12-07,9865.65,9871.7,9764.2,9777.9,9777.9,8046891
2016-12-08,9819.9,9947.4,9819.65,9935.9,9935.9,9564747
2016-12-09,9961.95,10059.95,9925.85,9997.5,9997.5,12004522
2016-12-12,9960.3,9971.25,9846.2,9953.9,9953.9,8348374
2016-12-13,9983.7,10082.15,9929.85,10058.65,10058.65,10363616
2016-12-14,10091.55,10150.95,10044.15,10128.95,10128.95,11850616
2016-12-15,10099.05,10299.8,10091.6,10195.75,10195.75,16986840
2016-12-16,10265.65,10268.7,10188.25,10222.95,10222.95,10931162
2016-12-19,10213.45,10234.05,10153.8,10223.65,10223.65,7460302
2016-12-20,10239.85,10352.65,10224.45,10322.85,10322.85,11510080
2016-12-21,10357.3,10357.3,10207.25,10228.25,10228.25,9569302
2016-12-22,10210.25,10251.2,10084.25,10163,10163,9432930
2016-12-23,10162.4,10187.25,10048.85,10071.05,10071.05,9770830
2016-12-26,10028.9,10065.75,9979.6,10023.3,10023.3,5510950
2016-12-27,9997,10188.65,9994.95,10170.7,10170.7,7812402
2016-12-28,10203.85,10301.1,10177.4,10198.6,10198.6,10320156
2016-12-29,10194.15,10314.35,10183.4,10291.85,10291.85,13889741
2016-12-30,10325.35,10416.6,10304.65,10399.25,10399.25,9966961
2017-01-02,10403,10434.1,10353.65,10367.05,10367.05,5366213
2017-01-03,10386.6,10390.9,10291.25,10362.25,10362.25,8413396
2017-01-04,10368.15,10517.55,10364,10496.9,10496.9,11978446
2017-01-05,10539.75,10590.05,10379.3,10400.05,10400.05,23534557
2017-01-06,10352.8,10372.9,10063.35,10110.4,10110.4,26296599
2017-01-09,10070.65,10214.2,10023.65,10198.45,10198.45,17060520
2017-01-10,10232.55,10255.85,10184.35,10221.5,10221.5,13114211
2017-01-11,10238.05,10282.2,10154.5,10220.55,10220.55,14041555
2017-01-12,10237.45,10410.8,10236,10398.8,10398.8,14364865
2017-01-13,10504.05,10551.4,10217.45,10263.5,10263.5,29658962
2017-01-16,10223.05,10223.05,10137,10173.1,10173.1,13731359
2017-01-17,10166.85,10275,10166.4,10206.8,10206.8,10831603
2017-01-18,10217.5,10270.5,10208.85,10231.55,10231.55,12811228
2017-01-19,10223.05,10251.8,10174.5,10222.15,10222.15,15253658
2017-01-20,10165.5,10192.7,10113.2,10132.65,10132.65,12105046
2017-01-23,10060.65,10234.65,10029.3,10219.4,10219.4,12308496
2017-01-24,10186.5,10213.7,10133.15,10201.6,10201.6,12814924
2017-01-25,10221.65,10239.5,10154.75,10164.45,10164.45,18092547
2017-01-27,10144.2,10212.55,10100.85,10181.85,10181.85,15175889
2017-01-30,10114.35,10195.7,10065.05,10170.65,10170.65,17444549
2017-01-31,10158.2,10158.2,9620.45,9848.5,9848.5,33852264
2017-02-01,9811.1,9831.05,9592.25,9750,9750,21595107
2017-02-02,9753.55,9989.2,9681.75,9926,9926,18596022
2017-02-03,9927.35,10058.8,9863.65,10025.8,10025.8,12561634
2017-02-06,10076.55,10093.15,9954.55,10029.05,10029.05,14415906
2017-02-07,10034.95,10042.15,9967.85,9997.95,9997.95,13536718
2017-02-08,9988.6,10071.65,9973.6,10007.05,10007.05,11234369
2017-02-09,10026.4,10186.1,10005,10167.9,10167.9,21611792
2017-02-10,10185.45,10432.95,10180.45,10387.85,10387.85,24076474
2017-02-13,10402.15,10469.2,10340.4,10452.9,10452.9,14919620
2017-02-14,10462.35,10489.45,10423.75,10474.1,10474.1,12233014
2017-02-15,10464.05,10550.5,10318.95,10427.65,10427.65,14827403
2017-02-16,10488.95,10640.5,10488.95,10628.05,10628.05,16900137
2017-02-17,10674.2,10676,10483.9,10527.2,10527.2,12491816
2017-02-20,10544.45,10740.3,10516.95,10671.2,10671.2,12841691
2017-02-21,10716.7,10801.6,10643.9,10680.75,10680.75,20702866
2017-02-22,10685.55,10692.95,10497,10514.8,10514.8,17892218
2017-02-23,10545.45,10737.35,10531.7,10689.65,10689.65,25911240
2017-02-27,10663.25,10776.65,10658.3,10706.7,10706.7,13604527
2017-02-28,10732.8,10759.4,10645.3,10680.95,10680.95,41463487
2017-03-01,10674.85,10777.6,10658.4,10748.05,10748.05,9862993
2017-03-02,10779.65,10806.95,10717,10741.6,10741.6,9013275
2017-03-03,10701.35,10819.3,10657.7,10806.2,10806.2,10530658
2017-03-06,10736.8,10812.65,10706.75,10779.05,10779.05,9142773
2017-03-07,10794.3,10820.1,10750.9,10799.1,10799.1,16016534
2017-03-08,10791.45,10793.5,10687.45,10739.45,10739.45,13675595
2017-03-09,10753.7,10757.7,10694.45,10724.75,10724.75,10378206
2017-03-10,10758.2,10821.85,10718.35,10749.85,10749.85,11694965
2017-03-14,10850,10927.3,10821.4,10879.25,10879.25,15194367
2017-03-15,10899.95,10905.95,10677.75,10696.55,10696.55,14506124
2017-03-16,10765.65,10838.15,10752.2,10822.1,10822.1,17288661
2017-03-17,10893.85,10920.35,10787.2,10900.75,10900.75,20306626
2017-03-20,10877.15,10879.45,10750.6,10776.75,10776.75,13922746
2017-03-21,10769.1,10823.7,10751.3,10787.2,10787.2,16229840
2017-03-22,10717.1,10831.75,10710.8,10783.3,10783.3,12780055
2017-03-23,10794.25,10863.85,10785.7,10850.8,10850.8,14954510
2017-03-24,10843.25,10851.45,10753.45,10768.95,10768.95,12491155
2017-03-27,10735.5,10787.2,10630.85,10648.5,10648.5,12327827
2017-03-28,10675.05,10749.1,10658.55,10681.05,10681.05,12481812
2017-03-29,10712,10761.05,10661.05,10741.25,10741.25,14348282
2017-03-30,10734.95,10767.8,10692.9,10730.75,10730.75,20741773
2017-03-31,10735.6,10752.35,10634.9,10703.25,10703.25,17562780
2017-04-03,10728.65,10732.85,10571.5,10592,10592,9806177
2017-04-05,10596.25,10597.2,10493,10510.3,10510.3,14402806
2017-04-06,10499.75,10545.6,10475.85,10538.15,10538.15,11496350
2017-04-07,10532.45,10568.8,10470.55,10485.75,10485.75,13722779
2017-04-10,10511.6,10542.7,10304.95,10338.15,10338.15,15046330
2017-04-11,10341.55,10422.3,10332.45,10398.85,10398.85,12461368
2017-04-12,10408.15,10420.35,10290.5,10323.45,10323.45,10861311
2017-04-13,10339.85,10407.15,10034.6,10064.2,10064.2,22985238
2017-04-17,10045.4,10056.55,9975.45,10000.9,10000.9,12398068
2017-04-18,10021.15,10075.8,9964.65,9981.55,9981.55,10552794
2017-04-19,9925.25,10059.45,9901.65,9944.8,9944.8,15730735
2017-04-20,9965.8,10056.25,9948.95,10039.05,10039.05,11563674
2017-04-21,10083.5,10103.8,9978.5,10008.1,10008.1,12520537
2017-04-24,9979.8,10070.95,9938.6,10058.35,10058.35,10060234
2017-04-25,10081.55,10113,10038.15,10091.25,10091.25,13270711
2017-04-26,10157.6,10162.65,9944.4,9966.75,9966.75,25994847
2017-04-27,9965.05,10045.5,9965.05,10012.35,10012.35,18815065
2017-04-28,10020.45,10023.7,9920.7,9943.7,9943.7,11365771
2017-05-02,10000.8,10042.85,9960.2,10006.35,10006.35,10128926
2017-05-03,10043,10151.35,9995.25,10131.05,10131.05,10553768
2017-05-04,10155.05,10170,10055,10106.5,10106.5,8851111
2017-05-05,10084.5,10101.95,10031.1,10086.3,10086.3,8018893
2017-05-08,10113.8,10222.15,10085.6,10209.15,10209.15,8496429
2017-05-09,10246,10294.25,10211.4,10279.6,10279.6,11780549
2017-05-10,10283.35,10296.45,10183.8,10219.55,10219.55,8024155
2017-05-11,10293.3,10300.5,10216.3,10256.1,10256.1,10286401
2017-05-12,10275.6,10378.8,10264.4,10367.3,10367.3,14606048
2017-05-15,10399.7,10400.45,10293.4,10339.75,10339.75,8650810
2017-05-16,10364.4,10474.45,10356.55,10461.3,10461.3,12655349
2017-05-17,10461,10485.7,10371.55,10437.3,10437.3,10857943
2017-05-18,10382.4,10705.9,10371.7,10545.6,10545.6,21675467
2017-05-19,10565.75,10574.6,10410.3,10456.35,10456.35,10034066
2017-05-22,10486.8,10538.65,10454.95,10504.85,10504.85,14746920
2017-05-23,10535.9,10583.2,10480.75,10510.2,10510.2,16446985
2017-05-24,10510.95,10536.15,10444.2,10509.2,10509.2,13506148
2017-05-25,10568.15,10761.05,10546.9,10738.35,10738.35,21426646
2017-05-26,10741.75,10792.75,10683.75,10735.4,10735.4,10829389
2017-05-29,10611.45,10633.3,10467.35,10568.3,10568.3,26040520
2017-05-30,10535.35,10627.25,10496.3,10609,10609,9555114
2017-05-31,10589.8,10617.45,10522.65,10549.1,10549.1,17847773
2017-06-01,10508.7,10625.35,10478.4,10574.7,10574.7,11308693
2017-06-02,10598.5,10647,10564.1,10608.95,10608.95,11121366
2017-06-05,10608.85,10677.65,10585.7,10660.1,10660.1,13753290
2017-06-06,10749.4,11016.1,10733.65,10907.25,10907.25,25759483
2017-06-07,10930.4,10941.15,10533.15,10701.25,10701.25,23294764
2017-06-08,10684.8,10696.85,10520.95,10550,10550,12610135
2017-06-09,10484.3,10500.1,10373.1,10442.65,10442.65,18319698
2017-06-12,10412.5,10512.25,10314.4,10470.75,10470.75,13867051
2017-06-13,10389.3,10458.55,10318.95,10339,10339,13481063
2017-06-14,10370.25,10375.6,10291.5,10366.1,10366.1,15017176
2017-06-15,10383.9,10385.1,10262.05,10278,10278,12996011
2017-06-16,10262.7,10326.95,10161.5,10189.5,10189.5,15362329
2017-06-19,10214.15,10247.45,10162,10197.9,10197.9,10991292
2017-06-20,10220.1,10300.7,10177.3,10289.95,10289.95,9812324
2017-06-21,10289.2,10289.2,10191.7,10223.35,10223.35,8488072
2017-06-22,10255.75,10354.65,10167.1,10199.55,10199.55,14288138
2017-06-23,10226.25,10253.4,10155.85,10170.6,10170.6,12771300
2017-06-27,10160,10203,10045.1,10068.85,10068.85,16056697
2017-06-28,10100.65,10148.95,10060.65,10133.55,10133.55,11170361
2017-06-29,10183.3,10238.95,10105.9,10124.4,10124.4,23244234
2017-06-30,10098.55,10173.85,10071.55,10155.05,10155.05,11412732
2017-07-03,10174.3,10209.95,10075.8,10189.85,10189.85,12165229
2017-07-04,10215.25,10256.55,10150,10213.4,10213.4,13714901
2017-07-05,10196.05,10196.05,10137,10160.65,10160.65,11882910
2017-07-06,10151.55,10198.2,10127.05,10148.9,10148.9,10309284
2017-07-07,10125.65,10151.5,10073.95,10087.8,10087.8,11991157
2017-07-10,10214.3,10377.1,9946.35,10360.1,10360.1,3287988
2017-07-11,10333.3,10611.95,10333.3,10430,10430,19757300
2017-07-12,10440.7,10467.9,10385.65,10401.5,10401.5,9840425
2017-07-13,10428.1,10495.5,10394.95,10440.55,10440.55,10353593
2017-07-14,10442.55,10463.3,10306.8,10330.65,10330.65,20911780
2017-07-17,10371.7,10512.8,10356.95,10445.85,10445.85,21174519
2017-07-18,10455.15,10608.9,10454.95,10493.15,10493.15,14006910
2017-07-19,10506.75,10606.55,10494.05,10583.8,10583.8,15810830
2017-07-20,10587.45,10593.95,10474.85,10491.1,10491.1,25467072
2017-07-21,10573,10726.1,10561.95,10711.55,10711.55,28562397
2017-07-24,10734.15,10846.55,10734.05,10823.5,10823.5,18100134
2017-07-25,10813.6,10827.45,10738.5,10810.35,10810.35,21747091
2017-07-26,10810.7,10839.35,10752.3,10782.95,10782.95,73860059
2017-07-27,10795.1,10905.2,10577.95,10612.3,10612.3,34087930
2017-07-28,10627.5,10722.7,10511.1,10699.45,10699.45,16165831
2017-07-31,10665.3,10802.4,10637.8,10755.75,10755.75,19192516
2017-08-01,10808.1,10887.8,10767.4,10801.85,10801.85,25587509
2017-08-02,10806.8,10836.65,10702.3,10727.35,10727.35,13166676
2017-08-03,10736.5,10762.5,10672.75,10682.5,10682.5,15166402
2017-08-04,10695.15,10771.85,10681.65,10757.95,10757.95,13162403
2017-08-07,10749.7,10757.9,10659.45,10678.8,10678.8,12706679
2017-08-08,10700.8,10708.3,10581.85,10623.7,10623.7,12241343
2017-08-09,10607.4,10655.35,10594.45,10613.55,10613.55,9389455
2017-08-10,10590.35,10700.9,10586.15,10662.35,10662.35,18391778
2017-08-11,10623.65,10718.15,10587.7,10647.05,10647.05,15965456
2017-08-14,10669.15,10692.45,10569.1,10587.3,10587.3,8348951
2017-08-16,10621.1,10683.8,10575.05,10659.7,10659.7,14447704
2017-08-17,10784.6,10839.95,10688.85,10797.8,10797.8,25035319
2017-08-18,10768,10768,10474.7,10570,10570,94170591
2017-08-21,10574.3,10618.05,10408.45,10440.05,10440.05,55173908
2017-08-22,10533.4,10541.85,10422,10446.25,10446.25,35284761
2017-08-23,10479.65,10509.6,10401.05,10478.25,10478.25,38429880
2017-08-24,10550.2,10566.85,10486.05,10503.9,10503.9,29997784
2017-08-28,10603.45,10638.4,10574.5,10592.25,10592.25,28758869
2017-08-29,10593,10596.15,10475.5,10505.95,10505.95,15708645
2017-08-30,10565.2,10580,10474.15,10493.25,10493.25,17134070
2017-08-31,10528.05,10578.7,10453.1,10558.25,10558.25,31920597
2017-09-01,10537.6,10563.8,10455.65,10514.35,10514.35,14920011
2017-09-04,10540,10540.1,10388.25,10441.75,10441.75,17361736
2017-09-05,10455.55,10506.5,10427.5,10498,10498,20589123
2017-09-06,10472.1,10484.65,10407.9,10421.65,10421.65,20789478
2017-09-07,10466.05,10477.3,10423.25,10460.95,10460.95,13655711
2017-09-08,10488.95,10499.3,10444.3,10456.65,10456.65,16605350
2017-09-11,10496.7,10520.75,10447.25,10459.5,10459.5,18352976
2017-09-12,10514.15,10517.5,10443.2,10501.1,10501.1,25304551
2017-09-13,10520.75,10593,10475.9,10505.3,10505.3,23226852
2017-09-14,10438.2,10505.25,10428.45,10496.05,10496.05,18866410
2017-09-15,10519.65,10621.65,10479.95,10599.75,10599.75,20721000
2017-09-18,10601.4,10675.05,10601.35,10649.5,10649.5,16697791
2017-09-19,10658.35,10668.65,10611.9,10654.8,10654.8,11636432
2017-09-20,10694,10694,10588.15,10651.35,10651.35,11719899
2017-09-21,10652.55,10670.75,10599.95,10653.8,10653.8,15978558
2017-09-22,10628.5,10672.95,10593.25,10632.1,10632.1,21312591
2017-09-25,10604.3,10653.55,10513.3,10569.1,10569.1,14593317
2017-09-26,10575.2,10604.15,10481.95,10548.5,10548.5,11474071
2017-09-27,10576.25,10587.05,10516.4,10544.2,10544.2,13117745
2017-09-28,10544.15,10613.25,10470.55,10521.9,10521.9,26429214
2017-09-29,10543.4,10576.95,10454.05,10475.35,10475.35,14386793
2017-10-03,10534.45,10568.5,10507.55,10546.1,10546.1,15039017
2017-10-04,10551.75,10578.35,10502.15,10539.85,10539.85,13015477
2017-10-05,10546.45,10581.3,10514.25,10524.65,10524.65,18370082
2017-10-06,10532.2,10665.6,10527.55,10655.35,10655.35,16888608
2017-10-09,10637.35,10694.25,10622.8,10680.2,10680.2,16203165
2017-10-10,10734.55,10771.95,10712.05,10726.15,10726.15,16145247
2017-10-11,10722.1,10811.05,10720.45,10785.25,10785.25,20428748
2017-10-12,10801.3,10891.25,10782.7,10881.3,10881.3,19315828
2017-10-13,10915.05,10997.1,10880,10924.2,10924.2,19084931
2017-10-16,10936.85,10978,10921.9,10961.6,10961.6,12896441
2017-10-17,10946.85,11006.65,10910.4,10942.7,10942.7,-0
2017-10-18,10943.3,11014.05,10898.65,10910.15,10910.15,17767404
2017-10-19,10911.5,10934.85,10872.8,10890.75,10890.75,-0
2017-10-23,10901.25,11013.4,10863.15,10997.85,10997.85,17380495
2017-10-24,11056.35,11057.3,10860.35,10884.75,10884.75,17797268
2017-10-25,10829.8,10986.5,10799.35,10925.45,10925.45,20609614
2017-10-26,10915.65,10945.45,10836,10883.05,10883.05,59927649
2017-10-27,10901.3,10911.65,10831.25,10862.05,10862.05,15450898
2017-10-30,10892.55,10913.9,10842.95,10854.3,10854.3,22591293
2017-10-31,10793.1,10870.55,10781,10837.9,10837.9,18708181
2017-11-01,10877.85,10887.8,10772.25,10817.3,10817.3,21144732
2017-11-02,10802.5,10884.5,10788,10845.85,10845.85,43841311
2017-11-03,10840.3,10873.95,10824.95,10839.05,10839.05,33003635
2017-11-06,10834,10952.35,10820.05,10929.9,10929.9,41655369
2017-11-07,10942.4,11243.2,10934.5,11172.1,11172.1,42589657
2017-11-08,11227.7,11306.45,11197.6,11245.9,11245.9,23663675
2017-11-09,11275.45,11301.25,11201.65,11248.45,11248.45,14342859
2017-11-10,11270,11272,11151.1,11222.55,11222.55,15489961
2017-11-13,11188.5,11341.5,11188.5,11236.2,11236.2,14896394
2017-11-14,11240.55,11275.65,11139.8,11168.75,11168.75,17032126
2017-11-15,11158,11211.7,11110.8,11122.85,11122.85,18968002
2017-11-16,11145.55,11343.6,11059,11317.25,11317.25,25745297
2017-11-17,11311.95,11311.95,11127,11150,11150,17244516
2017-11-20,11161.7,11173.65,11072.95,11100.1,11100.1,15587633
2017-11-21,11120.8,11166.35,11087.15,11119.45,11119.45,16528695
2017-11-22,11133.8,11167.65,11098.65,11117.5,11117.5,15085538
2017-11-23,11149.8,11255.05,11132.75,11230.6,11230.6,17176802
2017-11-24,11240.4,11352.55,11235.75,11306.4,11306.4,23794202
2017-11-27,11290.85,11326,11239.4,11314.25,11314.25,16266300
2017-11-28,11303.35,11324.9,11242.85,11270.6,11270.6,13654824
2017-11-29,11266.95,11299.35,11211.15,11232.9,11232.9,14186355
2017-11-30,11233.5,11241.8,11060.1,11115.3,11115.3,36562941
2017-12-01,11123.6,11180.4,10930.95,10948.5,10948.5,15744634
2017-12-04,11007.95,11138.1,10901.1,11081.65,11081.65,28758345
2017-12-05,11079.35,11121.85,11005.9,11025.4,11025.4,22390897
2017-12-06,11024.55,11099.05,11006.2,11074.9,11074.9,26426388
2017-12-07,11075.55,11178.8,11057.45,11163.45,11163.45,25529596
2017-12-08,11189.8,11249.3,11159.75,11173.4,11173.4,18936548
2017-12-11,11178.9,11343.15,11170.45,11324,11324,14923112
2017-12-12,11327.7,11341.75,11251.7,11272.45,11272.45,19365806
2017-12-13,11257.05,11328.75,11210.7,11251.7,11251.7,18858996
2017-12-14,11257.95,11307.9,11174.65,11275.4,11275.4,20290720
2017-12-15,11299.6,11337,11245.55,11288.3,11288.3,24617772
2017-12-18,11211.8,11345.4,11096.6,11315.2,11315.2,19133106
2017-12-19,11324.55,11334.05,11214.6,11240.65,11240.65,21155830
2017-12-20,11267.4,11322.2,11198.6,11304.2,11304.2,14537868
2017-12-21,11317.5,11406.4,11288.75,11374.3,11374.3,15989407
2017-12-22,11368.2,11532.75,11345.25,11501.9,11501.9,18433681
2017-12-26,11503,11531.25,11454.9,11507.4,11507.4,17496410
2017-12-27,11490.3,11538.7,11465.6,11509.25,11509.25,13758340
2017-12-28,11481.8,11549.8,11460.8,11496.4,11496.4,33607636
2017-12-29,11479.5,11689.75,11430.65,11665.75,11665.75,123646100
2018-01-01,11612.7,11655.85,11549,11565.75,11565.75,32997971
2018-01-02,11587.85,11655.5,11558.45,11602.35,11602.35,25819255
2018-01-03,11617.35,11693.35,11573.25,11586.7,11586.7,22309482
2018-01-04,11599.05,11607.75,11510.4,11590.8,11590.8,17417396
2018-01-05,11575.45,11691.45,11541.8,11633.55,11633.55,17507348
2018-01-08,11674.35,11793.85,11661.5,11776.85,11776.85,17601459
2018-01-09,11805.35,11819.35,11685.75,11790.85,11790.85,26689866
2018-01-10,11803.85,12076.25,11762.5,12054.7,12054.7,24012407
2018-01-11,12060.8,12178.8,12045.45,12103.1,12103.1,27129023
2018-01-12,12144.8,12146.75,12004.4,12099.15,12099.15,26161722
2018-01-15,12103.5,12214.65,11971.95,11992.75,11992.75,17080568
2018-01-16,12036.55,12487.25,12027.3,12430.95,12430.95,38696788
2018-01-17,12473.05,12653.25,12432.75,12531.4,12531.4,29648559
2018-01-18,12565.85,12605.15,12431.8,12570.7,12570.7,26886980
2018-01-19,12577.25,12668.55,12485.3,12633.85,12633.85,17534922
2018-01-22,12544.6,12924.6,12521.15,12894.95,12894.95,31661630
2018-01-23,12919.3,13084.2,12898.25,13048.9,13048.9,30760333
2018-01-24,13020.3,13553.95,13005.95,13249.55,13249.55,50984631
2018-01-25,13257.9,13259.15,12996.75,13117.85,13117.85,42395918
2018-01-29,13113.2,13328.05,13096.45,13242.5,13242.5,25031799
2018-01-30,13193,13238.5,13071.85,13107.9,13107.9,35198915
2018-01-31,13050.85,13142.85,12943.35,12986.4,12986.4,26948151
2018-02-01,12965.6,13141.75,12812.95,12964.6,12964.6,21842854
2018-02-02,12872.5,13130.25,12846.2,12983.6,12983.6,23059095
2018-02-05,12878.7,13104.8,12845,12936.9,12936.9,22877661
2018-02-06,12516.2,12750.7,12490.75,12562.35,12562.35,25026447
2018-02-07,12667.6,12680.3,12419.4,12450.05,12450.05,22645095
2018-02-08,12556.8,12764.75,12468.5,12588.35,12588.35,27839336
2018-02-09,12449.7,12556.2,12350.4,12492.7,12492.7,19357882
2018-02-12,12544.7,12591.95,12390.9,12422.65,12422.65,20607388
2018-02-14,12438.2,12546,12346,12420,12420,23964695
2018-02-15,12497.5,12584.25,12439.05,12456.5,12456.5,20368397
2018-02-16,12512.75,12687.45,12412.1,12437.9,12437.9,22184554
2018-02-19,12474.15,12479.4,12228.8,12331.4,12331.4,19602259
2018-02-20,12272.95,12491.6,12268.55,12372,12372,17745502
2018-02-21,12490.5,12703.85,12452.35,12660.05,12660.05,30130562
2018-02-22,12663.65,12794,12631.85,12730.25,12730.25,34044908
2018-02-23,12784.1,12888,12701.1,12871.15,12871.15,28957080
2018-02-26,12864.6,12903.9,12692.35,12713.15,12713.15,23357034
2018-02-27,12777.25,12797.35,12688,12746.8,12746.8,24224177
2018-02-28,12744.4,12904.2,12696.35,12809,12809,30263751
2018-03-01,12823.9,12842.65,12736.4,12769.45,12769.45,18951090
2018-03-05,12768.55,12890.95,12684.3,12857.65,12857.65,27912338
2018-03-06,12924.45,12930.55,12667.45,12706.1,12706.1,22173389
2018-03-07,12767.45,12856.55,12650.25,12677.1,12677.1,20800256
2018-03-08,12757,12802.15,12645.75,12682.4,12682.4,17687606
2018-03-09,12710.35,12805.35,12656.65,12747.25,12747.25,-0
2018-03-12,12825.25,13012.35,12813.25,12923.4,12923.4,20430953
2018-03-13,12778.35,12842.2,12663.3,12734.2,12734.2,61575647
2018-03-14,12725.2,12840.45,12711.25,12786.95,12786.95,20788341
2018-03-15,12815.6,12860,12727.8,12762.25,12762.25,29153997
2018-03-16,12776.25,12778.6,12606.6,12698.4,12698.4,35030341
2018-03-19,12660.9,12725.35,12392.7,12421.3,12421.3,18363549
2018-03-20,12385,12644.6,12375.4,12609.1,12609.1,24306746
2018-03-21,12665.75,12698.35,12554.15,12608.85,12608.85,-0
2018-03-22,12607.65,12638.95,12454.5,12489.6,12489.6,18498503
2018-03-23,12292.65,12564.75,12281.2,12541.1,12541.1,24933528
2018-03-26,12536.6,12542.55,12392.25,12462.4,12462.4,28517360
2018-03-27,12539.5,12566.5,12444.7,12518.2,12518.2,21450934
2018-03-28,12468.7,12573.1,12424.55,12511.55,12511.55,34191641
2018-04-02,12542.3,12723.4,12541.35,12707.1,12707.1,-0
2018-04-03,12637.8,12708.15,12557.05,12615.45,12615.45,-0
2018-04-04,12689.9,12689.9,12442.15,12490.85,12490.85,19361343
2018-04-05,12617.45,12695.8,12578.95,12682.55,12682.55,19539171
2018-04-06,12685.3,12687.4,12569.25,12603.35,12603.35,17601483
2018-04-09,12605.35,12640.3,12506.4,12531.2,12531.2,-0
2018-04-10,12532.25,12618.8,12519.45,12576.5,12576.5,21570755
2018-04-11,12629.4,12785.3,12608.85,12759.1,12759.1,17903590
2018-04-12,12782.05,13219.55,12766.65,13168.2,13168.2,31423294
2018-04-13,13240.65,13380.4,13085.05,13260.45,13260.45,36821452
2018-04-16,12936.3,13242.05,12935.25,13203.1,13203.1,32908331
2018-04-17,13177.1,13194.4,13094,13162.3,13162.3,20354199
2018-04-18,13185.2,13218.45,13106.3,13124,13124,-0
2018-04-19,13192.95,13295.7,13157.85,13273.45,13273.45,23540245
2018-04-20,13379.35,13964.3,13371.85,13910.35,13910.35,58967123
2018-04-23,13897.65,14294.15,13836.5,14013.95,14013.95,55531863
2018-04-24,13976.7,14071.55,13704.85,13734.8,13734.8,26771248
2018-04-25,13737.5,13972.65,13665.7,13892.4,13892.4,35668126
2018-04-26,13836.95,14056.15,13827.1,14026.65,14026.65,43169671
2018-04-27,14015.7,14070.35,13766.75,13794.9,13794.9,22682936
2018-04-30,13818.85,14094.1,13810.55,13986.25,13986.25,21148573
2018-05-02,13985.55,13985.55,13723.65,13754.3,13754.3,26021447
2018-05-03,13759.45,13759.45,13430.75,13473.95,13473.95,32450229
2018-05-04,13488.75,13488.8,13302.9,13453.3,13453.3,25701676
2018-05-07,13533.55,13563.85,13395.85,13424.9,13424.9,17512282
2018-05-08,13453.95,13474.25,13297.2,13379.65,13379.65,20143939
2018-05-09,13397.85,13538.4,13390.9,13453.4,13453.4,17101073
2018-05-10,13505.25,13566.05,13403.3,13427.3,13427.3,20768761
2018-05-11,13457.9,13519.15,13393.3,13478.6,13478.6,16533584
2018-05-14,13480.1,13495.5,13358.2,13446.1,13446.1,14878656
2018-05-15,13441.55,13614.65,13419.7,13504.95,13504.95,16608752
2018-05-16,13474.05,13585.15,13466.6,13525.6,13525.6,15787652
2018-05-17,13606.65,13625.5,13461.05,13504.75,13504.75,18503069
2018-05-18,13487.35,13526.95,13412.85,13459.15,13459.15,21814306
2018-05-21,13485.45,13572.15,13434.1,13483.85,13483.85,19933398
2018-05-22,13453.8,13530.55,13420.1,13484.55,13484.55,14848732
2018-05-23,13517.3,13615.4,13435.5,13464.35,13464.35,23511265
2018-05-24,13563.65,13797.95,13543.65,13775.65,13775.65,30126284
2018-05-25,13854.1,13963.7,13715.5,13762.3,13762.3,22081327
2018-05-28,13832.95,13832.95,13457.6,13497.7,13497.7,24037272
2018-05-29,13535.45,13631.3,13482.05,13561.05,13561.05,17626079
2018-05-30,13548.85,13627.05,13480.55,13557.7,13557.7,20572865
2018-05-31,13515.35,13695.3,13460.7,13666,13666,41085827
2018-06-01,13694.25,13785.35,13528.65,13558.55,13558.55,21876620
2018-06-04,13592.4,13646.55,13525.2,13595.1,13595.1,19040022
2018-06-05,13625.65,13638.75,13363.4,13408.9,13408.9,24012688
2018-06-06,13460.6,13554.25,13355.2,13528.8,13528.8,23453120
2018-06-07,13530.55,13714.2,13525.35,13683.75,13683.75,24954697
2018-06-08,13677.8,13841.65,13674.35,13769.8,13769.8,26002064
2018-06-11,13807.5,13869.55,13755.5,13775.1,13775.1,24377768
2018-06-12,13817.7,13889.45,13771.35,13859.85,13859.85,27672172
2018-06-13,14001.2,14074.9,13950.15,14034.15,14034.15,26890892
2018-06-14,13980.55,13984.75,13784.35,13825.4,13825.4,31330506
2018-06-15,13868.5,14151.75,13841.6,14121.5,14121.5,45008343
2018-06-18,14223.35,14223.35,13995.9,14024.2,14024.2,29064786
2018-06-19,13987.6,14028.7,13835.7,13849.45,13849.45,32753588
2018-06-20,13900.85,13914.95,13782.15,13810.9,13810.9,24277411
2018-06-21,13856.1,13882.4,13751.6,13771.7,13771.7,30152844
2018-06-22,13792.85,13844,13724.15,13777.05,13777.05,17748643
2018-06-25,13814,13918.05,13791,13865.2,13865.2,18404657
2018-06-26,13862.7,13981.15,13848.8,13943.5,13943.5,25183925
2018-06-27,14005.65,14143.3,13966.35,14018.4,14018.4,29335023
2018-06-28,14070.9,14139.65,13853.1,13873.8,13873.8,42213864
2018-06-29,13959.15,14020.75,13858.7,13989.5,13989.5,33055615
2018-07-02,14024.6,14086.8,13977.9,14072.3,14072.3,23453334
2018-07-03,14100.8,14238.9,14074.85,14222.55,14222.55,24801569
2018-07-04,14243.8,14243.95,14099.25,14126.15,14126.15,21290467
2018-07-05,14180.3,14184.45,13898.9,13970.5,13970.5,27464167
2018-07-06,14008.15,14063.25,13925.55,14015.9,14015.9,26441281
2018-07-09,14111.85,14141.15,13993.6,14108.85,14108.85,23350288
2018-07-10,14275.1,14299.5,14174.6,14222.75,14222.75,33207897
2018-07-11,14352.15,14629.5,14337.55,14536.45,14536.45,56831080
2018-07-12,14611.45,14627.8,14437.65,14515.65,14515.65,36396847
2018-07-13,14559.15,14654.55,14462.95,14534.9,14534.9,42977674
2018-07-16,14554.25,14776,14443,14617.05,14617.05,36466840
2018-07-17,14609.55,14709.6,14539.6,14618.25,14618.25,26569892
2018-07-18,14695.65,14762.3,14568.55,14631.65,14631.65,22265892
2018-07-19,14638.1,14693.45,14420,14489.85,14489.85,29547548
2018-07-20,14541.35,14771.05,14518.5,14701.4,14701.4,37513621
2018-07-23,14726.7,14726.7,14571.6,14683.2,14683.2,33488923
2018-07-24,14768.85,14768.9,14620.95,14663.9,14663.9,22853710
2018-07-25,14697.85,14697.85,14539.25,14575.35,14575.35,27876290
2018-07-26,14510.6,14559.5,14423.75,14468.1,14468.1,49322705
2018-07-27,14476.45,14553.8,14450.15,14517.9,14517.9,23611574
2018-07-30,14538.9,14561.05,14391.15,14420.55,14420.55,27095207
2018-07-31,14432.6,14617.75,14386.8,14587.8,14587.8,27251977
2018-08-01,14618.65,14690.6,14586.55,14679.35,14679.35,19238886
2018-08-02,14689.1,14739.8,14541.35,14552.6,14552.6,18037721
2018-08-03,14632.35,14663.6,14588.95,14649.05,14649.05,18568390
2018-08-06,14694.7,14731.1,14572.9,14605.55,14605.55,14956902
2018-08-07,14660.1,14688.1,14588.55,14613.75,14613.75,18375389
2018-08-08,14650.6,14663.05,14534.6,14608.2,14608.2,19261664
2018-08-09,14660.55,14662.45,14588.95,14603.35,14603.35,19685828
2018-08-10,14661.9,14702.15,14568.3,14679.25,14679.25,18078155
2018-08-13,14697.7,14902.4,14683,14880.25,14880.25,26331697
2018-08-14,14927.4,15090.9,14872.95,15009.25,15009.25,25441762
2018-08-16,15021.95,15122.65,15017.25,15044.35,15044.35,24780738
2018-08-17,15059.95,15143.35,14982.35,15126.4,15126.4,20667279
2018-08-20,15033.65,15054.1,14946.55,14996.1,14996.1,24589958
2018-08-21,15072.45,15183.25,15041.85,15134.65,15134.65,33908364
2018-08-23,15195,15361.4,15185.25,15321.95,15321.95,31146819
2018-08-24,15337.9,15410.2,15239.35,15260.05,15260.05,25436831
2018-08-27,15285.1,15539.65,15274.35,15514.95,15514.95,20065648
2018-08-28,15546.5,15641.4,15528.4,15583.05,15583.05,19466343
2018-08-29,15617,15621.9,15439.45,15524.95,15524.95,17453665
2018-08-30,15519.6,15576.65,15428.1,15529.85,15529.85,46739804
2018-08-31,15575.95,15833.65,15567.5,15811.4,15811.4,36217077
2018-09-03,16013.05,16048.25,15703,15724.7,15724.7,49869686
2018-09-04,15799.35,16094.05,15783.55,16048.7,16048.7,45117210
2018-09-05,16088.7,16124.6,15976.45,16039.9,16039.9,38993047
2018-09-06,16047.95,16121.5,15932.65,16081.65,16081.65,32781089
2018-09-07,16126.25,16130.6,15975,16104.75,16104.75,29097046
2018-09-10,16150.65,16229.85,16085.5,16105.3,16105.3,29956602
2018-09-11,16182,16217.75,15970.1,15993.15,15993.15,32423587
2018-09-12,16092.1,16124.55,15977.85,16054.05,16054.05,26710771
2018-09-14,16046.4,16104.05,15843.6,16072.5,16072.5,32561023
2018-09-17,16096.4,16207.5,16080.75,16119.8,16119.8,22515129
2018-09-18,16152.85,16152.85,16003.2,16031,16031,20435865
2018-09-19,16092.65,16115.15,15982.05,16063.95,16063.95,20373441
2018-09-21,16023.65,16047.2,15579.95,15833.5,15833.5,56712658
2018-09-24,15862.4,16235.05,15820.65,16175.3,16175.3,39760654
2018-09-25,16207,16360.6,16081.9,16234.9,16234.9,42199895
2018-09-26,16285.75,16292.3,15877.9,15932.45,15932.45,44160114
2018-09-27,15979.5,16094.05,15943.9,16018,16018,74160242
2018-09-28,15932.1,15972,15734.95,15838.05,15838.05,183715914
2018-10-01,15897.1,16282.05,15861.5,16213.6,16213.6,135216665
2018-10-03,16208.75,16278,15874.25,15909.8,15909.8,69385750
2018-10-04,15835.2,15835.2,15403.9,15441.1,15441.1,70098370
2018-10-05,15416.9,15710,15265.65,15591.65,15591.65,44283701
2018-10-08,15538.2,15644.2,15198.25,15305.2,15305.2,52533348
2018-10-09,15305.15,15429.95,15137.75,15369.8,15369.8,35164352
2018-10-10,15356.3,15380.85,15053.3,15143.2,15143.2,32964220
2018-10-11,14721.1,14890.65,14554.25,14683,14683,45388816
2018-10-12,14701.85,14721.95,14408.45,14539.2,14539.2,43233902
2018-10-15,14639.5,14846.95,14564.3,14797.2,14797.2,31257720
2018-10-16,14876.05,14975.55,14743.9,14887.35,14887.35,32510210
2018-10-17,15031.05,15190.65,14903.5,14949.6,14949.6,50083440
2018-10-19,14776.45,14776.45,14421.65,14476.85,14476.85,50673746
2018-10-22,14527.55,14527.55,14299.15,14421.4,14421.4,73137494
2018-10-23,14318.95,14406.75,13977.65,14014.7,14014.7,56646090
2018-10-24,14125.5,14183.55,13826.3,14049.15,14049.15,36519276
2018-10-25,13894.8,14179.7,13863.9,14070.8,14070.8,62725558
2018-10-26,14057.05,14070.05,13769.85,13798.6,13798.6,38506098
2018-10-29,13837.65,14188,13696.5,14132.65,14132.65,31653969
2018-10-30,14088.25,14437.6,14028.8,14355.85,14355.85,57556185
2018-10-31,14428.7,14994.85,14376.75,14940.1,14940.1,56390415
2018-11-01,14991.6,14991.6,14541.2,14622,14622,41081207
2018-11-02,14639.05,14780.1,14356.1,14396.7,14396.7,70436201
2018-11-05,14377.5,14534.05,14345.25,14471.75,14471.75,48190914
2018-11-06,14499.8,14660.15,14468.25,14577.3,14577.3,43542715
2018-11-07,14654.25,14698.95,14645.05,14674.45,14674.45,34924680
2018-11-09,14793.75,14796.9,14483.35,14553.25,14553.25,112060387
2018-11-12,14604.95,14821.55,14565.05,14650.5,14650.5,98145750
2018-11-13,14637.25,14780,14561.55,14698.2,14698.2,48659834
2018-11-14,14662.3,14662.8,14236.7,14338.45,14338.45,63478110
2018-11-15,14315.45,14573.1,14264.6,14354.15,14354.15,43775186
2018-11-16,14426.7,14504.5,14356.65,14473.15,14473.15,58652863
2018-11-19,14544.8,14618.25,14433.2,14599.75,14599.75,53935954
2018-11-20,14575.25,14575.25,14262.3,14285.05,14285.05,45487048
2018-11-21,14244.75,14245.05,13827.15,13879.15,13879.15,46550497
2018-11-22,13955,14109.45,13819.7,13835.7,13835.7,37088426
2018-11-26,13836.95,14083.7,13581.35,14025.4,14025.4,47715485
2018-11-27,14057.9,14265.25,14000.4,14225.35,14225.35,37834150
2018-11-28,14266.75,14658.9,14250.9,14632.9,14632.9,57816831
2018-11-29,14726.75,14732.65,14433.05,14465.25,14465.25,63005396
2018-11-30,14494.7,14710.8,14494.6,14638.05,14638.05,50352789
2018-12-03,14728.45,14790.8,14630.75,14740.4,14740.4,45634980
2018-12-04,14757.45,15015.1,14728.2,14999.9,14999.9,50807357
2018-12-05,14932.45,15062.4,14788.75,15012.95,15012.95,38989529
2018-12-06,14936.6,15064.25,14664.3,14693.75,14693.75,36694749
2018-12-07,14686.8,14700.05,14461.95,14662.9,14662.9,39878132
2018-12-10,14486,14723.7,14369.5,14419.2,14419.2,39398373
2018-12-11,14385.35,14684.45,14307.3,14579.6,14579.6,48447503
2018-12-12,14640.15,14756.5,14521.2,14738.55,14738.55,46035249
2018-12-13,14782.35,14908.9,14652,14840.95,14840.95,62800061
2018-12-14,14810.4,14913.8,14741.7,14851.4,14851.4,41390824
2018-12-17,14931.05,14931.05,14801.15,14873.05,14873.05,36335815
2018-12-18,14776.45,14809.55,14662.1,14730.9,14730.9,46936075
2018-12-19,14686.05,14698.9,14463.75,14591.8,14591.8,36208238
2018-12-20,14468.4,14621.8,14461.3,14542.15,14542.15,35736127
2018-12-21,14493.75,14505.5,14171.95,14207.85,14207.85,61833131
2018-12-24,14296.8,14371.75,14197.1,14247.75,14247.75,30554691
2018-12-26,14229.2,14229.2,14018.4,14158.9,14158.9,33373773
2018-12-27,14300.95,14460.7,14273.85,14354.5,14354.5,46967544
2018-12-28,14409.6,14451.7,14368.7,14385.8,14385.8,24562333
2018-12-31,14458.5,14481.4,14394.55,14440.3,14440.3,18437992
